CodigoNave,NombreNave
1,MOL PACE
00LA,LA2524
1409,MAERSK SELETAR
AGROS,AGROS
ALAUA,ALIANCA MAUA
ALDES,ALIANCA ANDES
ALERA,ALIANCA COORDILLERA
ALERS,ALICE RICKMERS
ALESS,ALEMANIA EXPRESS
ALICA,ALLIANCA ATLANTICA
ALICE,ALICE
ALIOT,ALIOT
ALISAN,ALIANCA SAN MARTIN
ALOBO,ALGARROBO
ALPAS,ALIANCA PAMPAS
ALRCA,ALIANCA URCA
ALRTA,ALBERTA
ALULO,ALLIANCA SAO PAULO
AMERXX,AMERICANA 2
AMNA,AMERICANA
ANDGE,ANDES BRIDGE
ANENA,ANAKENA
ANERS,ANDRE RICKMERS
ANGOL,ANGOL
ANLIA,ANGLIA
ANLTE,ANNABELLE SCHULTE
ANNSC,ANNA SCHEPERS
ANOLA,ANGOLA
ANONA,ANCONA
ANTA,ANTARES J
APADE,APL JADE
APBOA,APL BALBOA
APEST,APL EARNEST
APGOS,APL GALAPAGOS
APGUA,APL MANAGUA
APIMA,APL COLIMA
APISE,APL TURQUOISE
APLIND,APL INDONESIA
APLMEL,APL MELBOURNE
APLSHA,APL SHANGHAI
APLXX,APL GARNET
APLXXX,SUSANNE SCHULTE
APMAN,APL OMAN
APMAR,APL OLIMAR
APOZA,APL MENDOZA
APSIA,APL MALAYSIA
APYPT,APL EGYPT
AQNIA,AQUITANIA
ARANA,ARIANA
ARDGE,ARICA BRIDGE
ARIA,ARIAN
ARSOS,ARSOS
ASCA,AS CATALANIA
ASOON,ASIAN MOON
ASSUS,AS PEGASUS
ATENA,ATHENA
AUAND,AUCKLAND
AULTE,AUGUSTE SCHULTE
AUN E,AUTUMN E
BACH,BALTHASAR SCHULTE
BADER,BALTRUM TRADER
BADGE,BAI CHAY BRIDGE
BAHIA,BAHIA
BAKAN,BALKAN
BALLO,BAHIA CASTILLO
BANCA,BAHIA BLANCA
BANDE,BAHIA GRANDE
BAOS,BALTIMAR EUROS
BARR,BARRY
BAURA,BAHIA LAURA
BED S,BERNHARD S
BEICA,BELGICA
BESC,BELLA SCHULTE
BONNY,BONNY
BOSC,BODO SCHULTE
BOTS,BOTSWANA
BRAVO,BRAVO
BRDGE,BROOKLING BRIDGE
BUDGE,BUDAPEST BRIDGE
BUDUA,BUNGA SEROJA DUA
BUITE,BUXFAVOURITE
BUTU,BUNGA SEROJA SATU
CAACU,CAM CGM IGUACU
CAAEL,CAP SAN RAPHAEL
CAALD,CAP HARALD
CAAN,CAP MATAPAN
CAAND,CAP PORTLAND
CAANO,CAP VILANO
CAART,CAP STEWART
CAATO,CAP FERRATO
CABEL,CAP ISABEL
CABON,CAP BON
CACHE,CAP BLANCHE
CACO,CAP CORTES
CAEAL,CAP MONTREAL
CAEAS,CAP MALEAS
CAEGO,CAP MONDEGO
CAELL,CAP CAMPBELL
CAERT,CAP GILBERT
CAEX,CANBERRA EXPRESS
CAGAR,CAP TRAFALGAR
CAGO,CAP DOMINGO
CAGU,CAP AGUILAR
CAHAM,CAP GRAHAM
CAHON,CAPE MAHON
CAINA,CARIBBEAN SINA
CAINO,CALA PINO
CALAS,CAP SAN NICOLAS
CALE,CAP MELVILLE
CALEY,CAP PASLEY
CALLO,CAP CASTILLO
CAMAS,CAP PALMAS
CAMO,CAP MORETON
CANAS,CAP SALINAS
CANCO,CAP. BLANCO
CANES,CAP INES
CANGO,CAP. DOMINGO
CANIO,CAP SAN ANTONIO
CANRI,CAP HENRI
CANTE,CAP VALIENTE
CAOCA,CAP ROCA
CAONT,CAP EGMONT
CAORY,CAP GREGORY
CAOTT,CAP SCOTT
CAPARN,CAP ARNAUTI
CAPSPE,CAP SPENCER
CARAT,CAP SERRAT
CARDA,CAP RICARDA
CARDE,CAP VERDE
CARIO,CAP FRIO
CARON,CAP BYRON
CARRE,CAP FINISTERRE
CARTA,CAP ROBERTA
CASEA,CARIBBEAN SEA
CAST,CAROLINA STAR
CASTA,CAP BONAVISTA
CATAL,CAP TALBOT
CATAR,CARLOTTA STAR
CATE,CAP NORTE
CATIN,CAPE MARTIN
CATO,CAP DOUKATO
CATR,CARDIFF TRADER
CAUEL,CAP MANUEL
CAULA,CALA PULA
CAVIS,CAP JERVIS
CAZUL,CAP AZUL
CCAMA,CCNI ATACAMA
CCAQ,CCNI AQUILES
CCAR,CCNI ARAUCO
CCAS,CCNI PUNTA ARENAS
CCBES,CCNI TUMBES
CCBI,CCNI BILBAO
CCCO,CCNI ANTARTICO
CCCUD,CCNI ANCUD
CCDEO,CCNI AMADEO
CCFL,COSCO FELIXSTOWE
CCGBO,CCNI NINGBO
CCHAI,CCNI SHANGHAI
CCICA,CCNI ARICA
CCICO,CCNI BALTICO
CCINO,CCNI ANDINO
CCISO,CCNI VALPARAISO
CCLBE,CCNI ELBE
CCLLO,CCNI MANZANILLO
CCLMA,CCNI TOPOCALMA
CCMAC,CCNI RIMAC
CCNCA,CCNI ANTILLANCA
CCOL,CCNI ANGOL
CCOS,CCNI POTRERILLOS
CCPU,CCNI PUSAN
CCRAL,CCNI AUSTRAL
CCRES,CCNI CHAGRES
CCRGO,CCNI HAMBURGO
CCSAN,CCNI BUSAN
CCSEN,CCNI AYSEN
CCTA,CCNI ANTOFAGASTA
CCTEN,CCNI TOLTEN
CCUNA,CCNI FORTUNA
CCURE,CCNI VADO LIGURE
CCVER,CCNI VANCOUVER
CCYAS,CCNI GUAYAS
CCYO,CCNI TOKYO
CELST,CELINA STAR
CHERS,CHARLOTTE C. RICKMERS
CHINE,CHRISTINE
CHION,CHAMPION
CHSEA,CHELSEA
CIICA,CIELO D AMERICA
CIMEN,CITY OF XIAMEN
CIOPA,CIELO DE EUROPA
CIQU,CCNI IQUIQUE
CLARY,CLAN LEGIONARY
CLGER,CLAN CHALLENGER
CLGUN,CLAN TANGUN
CLIAN,CLAN PRAETORIAN
CLNAS,CLAN AMAZONAS
CLPID,CLAN INTREPID
CLTOR,CLAN GLADIATOR
CLUNE,CLAN TRIBUNE
CMACU,CMA CGM IGUACU
CMAME,CMA CGM AMERICA
CMAND,CMA CGM AUCKLAND
CMAYO,CMA PAPAGAYO
CMBAR,CMA CGM SAMBHAR
CMCAN,CMA CGM VOLCAN
CMCGOT,CMA CGM OTELLO
CMCGRA,CMA CGM RAVEL
CMDAO,CMA CGM QINGDAO
CMDEL,CMA CGM CLAUDEL
CMDER,CMA CGM BALTRUM TRADER
CMDOR,CMA CGM CONDOR
CMERA,CMA CGM CORDILLERA
CMHIA,CMA CGM BAHIA
CMIA,CMA CGM ROMANIA
CMICO,CMA CGM PACIFICO
CMILA,CMA CGM AGUILA
CMINA,CMA CGM MARINA
CMINE,CMA CGM VERLAINE
CMIRE,CMA CGM VOLTAIRE
CMISE,CMA CGM TURQUOISE
CMITY,CMA CGM INTENSITY
CMLAC,CMA CGM LILAC
CMLDA,CMA CGM ESMERALDA
CMLT,CMA CGM LA TRAVIATA
CMM 1,CMA TBM 1
CMNCA,CMA CGM BAHIA BLANCA
CMNCE,CMA CGM EXCELLENCE
CMOGO,CMA CGM TOGO
CMONY,CMA CGM EBONY
CMRES,CMA CGM BUENOS AIRES
CMRRA,CMA CGM SIERRA
CMUAR,CMA CGM JAGUAR
CMUCO,CMA CGM NABUCO
CMUMA,CMA CGM PUMA
CMZAL,CMA CGM QUETZAL
CMZET,CMA CGM BIZET
CNPP,CNP PAITA
COA J,CORONA J
COAGA,CONTI MALAGA
COAMA,COSCO FUKUYAMA
COAR,CONTI ARABELLA
COBAY,CORAL BAY
COCIA,CONTI VALENCIA
CODOR,CONDOR
CODU,COSCO DURBAN
COERA,CORDILLERA
COGDE,COOPER RIVER BRIGDE
COHOU,COSCO FUZHOU
COIAN,CONTI ARABIAN
COLCA,COLCA
COMBA,COLUMBA
COME,CONTI SALOME
CORAD,CONRAD
CORSK,CORNELIUS MAERSK
COSTI,COSCO TIANJIN
COSU,COSCO SURABAYA
COTIA,CONTI TIANJIN
COTRA,CONTI ELEKTRA
CPON,CPO NORFOLK
CRED,CREDO
CRISTA,CRISTINA STAR
CRX J,CRUX J
CSACO,CSAV LUMACO
CSAGO,CSAV CHICAGO
CSAIM,CSAV ITAIM
CSAJA,CSAV LAJA
CSALON,CSAV LONCOMILLA
CSANG,CSCL LIANYUNGANG
CSAPE,CSAV SUAPE
CSAS,CSAV MERESIAS
CSAVPU,CSAV PUYEHUE
CSAVTR,CSAV TRAIGUEN
CSBOA,CSAV BALBOA
CSCIA,CSAV VALENCIA
CSDAM,CSAV ROTTERDAM
CSDEO,CSCL MONTEVIDEO
CSEAL,CSAV MONTREAL
CSEBU,CSAV LEBU
CSEL,CSAV RIO RAPEL
CSELO,CSAV RIO PUELO
CSERU,CSAV PERU
CSETE,CSAV LARAQUETE
CSGAI,CSAV SHANGAI
CSGBO,CSAV NINGBO
CSGUA,CSAV LA LIGUA
CSGUE,CSAV LINGUE
CSHEN,CSAV SHENZHEN
CSHOU,CSCL FUZHOU
CSIAS,CSAV MARESIAS
CSICO,CSAV MEXICO
CSIRO,CSAV RIO DE JANEIRO
CSIS,CSAV PARIS
CSJAI,CSAV ITAJAI
CSJIN,CSAV TIANJIN
CSKER,CSAV RIO BAKER
CSLA,CSAV IHLA BELA
CSLAO,CSAV CALLAO
CSMAY,CSAV LONQUIMAY
CSMBI,CSAV MORUMBI
CSNA,CSA BARCELONA
CSNCO,CSAV LANCO
CSNIR,CSAV PORVENIR
CSNO,CSAV ANDINO
CSNTA,CSAV ATLANTA
CSOLI,CSCL NAPOLI
CSONA,CSAV BARCELONA
CSONG,CSAV HONG KONG
CSORK,CSAV NEW YORK
CSOVA,CSAV GENOVA
CSQUE,CSAV PIRQUE
CSRA,CSAV RAUTEN
CSRAL,CSAV TOTORAL
CSRCA,CSAV PETORCA
CSRGO,CSAV HAMBURGO
CSRIT,CSAV RIO ITATA
CSRNO,CSAV LIVORNO
CSRO,CSAV ROMERAL
CSRU,CSAV RUPANCO
CSSAN,CSAV BUSAN
CSTEN,CSAV RIO TOLTEN
CSTOS,CSAV SANTOS
CSTR,CSAV TRANCURA
CSTUE,CSAV RIO LONTUE
CSUCA,CSAV LAUCA
CSUDO,CSAV PAPUDO
CSULE,CSAV RIO MAULE
DAHE,DA HE
DETER,DEMETER
DIRSK,DIRCH MAERSK
DOLTE,DONATA SCHULTE
DOST,DOVER STRAIT
DUESS,DUBLIN EXPRESS
EAIS,EASTER ISLAND
ECCHO,ECHO
EDDDI,EDDI
ELDER,ELBE TRADER
ELOMA,EL IKOMA
ELORO,EL TORO
ELQUI,ELQUI
EMDER,EMS TRADER
EMHY,EM HYDRA
EMMA,MSC EMMA
ERCA,E.R. CALAIS
ERCAL,ER CALAIS
EREN,ER CUXHAVEN
ERLIN,ER BERLIN
EROBE,ER KOBE
ESDER,ESTETRADER
ESKER,ESTEBROKER
ESLTE,ESTER SCHULTE
ETTNA,ETNA
EULT,EVER ULTRA
EUNI,EVER UNISON
EUSLO,EURUS OSLO
EVACH,EVER REACH
EVDEM,EVER DIADEM
EVECT,EVER RESPECT
EVELIV,EVER LIVELY
EVERF,EVER UNIFIC
EVEU,EVER UNIQUE
EVEULY,EVER ULYSSES
EVEUNI,EVER UNITED
EVEURS,EVER URSULA
EVEUS,EVER USEFUL
EVEVI,EVI
EVGHT,EVER DELIGHT
EVLOP,EVER DEVELOP
EVNTY,EVER DAINTY
EVULT,EVER RESULT
EVUNI,EVER UNICORN
EVUR,EVER URANUS
EVUXE,EVER DELUXE
EYENE,EYRENE
FAAAN,FARUK KAAN
FEANT,FEDERAL PENDANT
FIONA,FIONA
FOLE,FOLEGANDROS
FOUMA,FOUMA
FRANC,FRANCOISE GILOT
FRESS,FREMANTLE EXPRESS
FRON,FRISIA LISSABON
FRTER,FRITZ REUTER
GABSCH,GABRIEL SCHULTE
GEBR,GENOA BRIDGE
GLESS,GLASGOW EXPRESS
GLORY,GLORY
GLRIA,GLORIA
GLRSK,GLASGOW MAERSK
GRIEL,GREETSIEL
GULTE,GUSTAV SCHULTE
HAAND,HANSA KRISTIANSAND
HAASI,HANSA ASIA
HACH,HANJIN CHICAGO
HACO,HANSA COBURG
HACUM,HAMMONIA PACIFICUM
HADAL,HANSA ARENDAL
HAEIM,HANSA THONDHEIM
HAGEN,HANSA BERGEN
HAIM,HANSA TRONDHEIM
HAIMA,HANJIN LIMA
HAINA,HAMMONIA BEROLINA
HAINI,HAMONIA BEROLINI
HAIUM,HAMONIA PLATIUM
HALES,HANJIN VERSAILLES
HALIA,HAMMONIA MASSILIA
HAME,HANSA MEERSBURG
HANAS,HANJIN PUNTA ARENAS
HANBA,HANJIN BASEL
HANEUR,HANSA EUROPE
HANIA,HAMMONIA POMERENIA
HAOMA,HAMMONIA ROMA
HARAS,HANJIN ALGECIRAS
HARGO,HAMBURGO
HARIA,HAMMONIA BAVARIA
HATOS,HANJIN SANTOS
HATZA,HANJIN CONSTANTZA
HAUM,HARMMONIA PALATIUM
HAUNA,HAMMONIA FORTUNA
HAVI,HANJIN VIENNA
HEE S,HELENE S
HELEN,HELEN
HELTE,HENRIETTE SCHULTE
HESSE,HERMAN HESSE
HETIA,HELVETIA
HEUSS,HELENE RUSS
HMUN,HANJIN MUNDRA
HNAUS,HANSA AUSTRALIA
HOESS,HOLSATIA EXPRESS
HSBAFF,HS BAFFIN
HSERT,HS SCHUBERT
HSGER,HS CHALLENGER
HSOTT,HS SCOTT
HSOZ,HS BERLIOZ
HTAIPE,HANJIN TAIPEI
HUESS,HUMBOLDT EXPRESS
HYDOM,HYUNDAI KINGDOM
HYHAI,HYUNDAI SHANGHAI
HYILL,HYUNDAI GOODWILL
HYION,HYUNDAI DOMINION
HYIOT,HYUNDAI PATRIOT
HYKOK,HYUNDAI BANGKOK
HYKYO,HYUNDAI TOKYO
HYLIC,HYUNDAI REPUBLIC
HYMBO,HYUNDAI COLOMBO
HYNAL,HYUNDAI NATIONAL
HYNG,HYUNDAI HONG KONG
HYORE,HYUNDAI SINGAPORE
HYORY,HYUNDAI GLORY
HYRTA,HYUNDAI JAKARTA
HYSAN,HYUNDAI BUSAN
HYUVA,HYUNDAI VANCOUVER
IBINA,IBN SINA
IBUKI,IBUKI
IDSIA,ID ASIA
IGIGA,IGA
IKOMA,IKOMA
IKUGA,IKARUGA
ILELA,ILHA BELA
INABA,INABA
INNES,INES
INRI,INORI
IRBOS,IRENE LOBOS
IRRIS,IRIS
IRUBA,IRENE MARUBA
ITARE,ITAL LUNARE
ITAUNI,ITAL UNIVERSO
ITDIA,ITAL MELODIA
ITESS,ITAJAI EXPRESS
ITIDA,ITAL FLORIDA
ITIMA,ITAL MASSIMA
ITLB,ITAL LIBERA
ITLI,ITAL LIRICA
ITUNA,ITAL LAGUNA
IWIRO,IWASHIRO
IWKI,IWAKI
IZIZU,IZU
JAVID,JANDAVID
JING,JING HE
JOHER,JONNI RITSCHER
JOORK,JORK
JPANO,JPO TUCANO
JPULA,JPO VULPECULA
JUA S,JULA S
JUDER,JUIST TRADER
JULI,NORTHERN JULIE
JUTER,JUPITER
KAEDI,KAEDI
KAGA,KARONGA
KALOV,KAPITAN MASLOV
KAMEN,KARMEN
KANAS,KATHARINAS
KOKIS,KOTA LUKIS
KOLA,KOTA LARIS
KOLAM,KOTA LAMBAI
KOLAY,KOTA LAYANG
KOLE,KOTA LEKAS
KOSAR,KOTA LANGSAR
KOTLEG,KOTA LEGIT
KOTLOC,KOTA LOCENG
LAEME,LA BOHEME
LEETO,LETO
LIADO,LIBRA CORCOVADO
LIESS,LIVERPOOL EXPRESS
LIILE,LIBRA CHILE
LIMR,LIMARI
LINIA,LIBRA PATAGONIA
LIOR,LIBRA ECUADOR
LIRIO,LIBRA RIO
LIROI,LIBRA NITEROI
LISB,MSC LISBON
LITOS,LIBRA SANTOS
LOAVI,LONGAVI
LODGE,LOS ANDES BRIDGE
LTCA,LT AFRICA
LTOPA,LT EUROPA
LUAHE,LUOBAHE
LUHE,LUO BA HE
LUTIA,LUTETIA
LYCER,LYKES RACER
MAADT,MAERSK DARMASTADT
MAAKA,MAERSK DHAKA
MAAM,MAERSK ROTTERDAM
MAANA,MARUBA PARANA
MAARA,MAERSK NIAGARA
MAAXI,MARUBA COTOPAXI
MACCA,MAERSK MALACCA
MACHO,MAPOCHO
MACON,MARCON
MADAH,MAERSK JEDDAH
MADER,MARUBA TRADER
MADGE,MACKINAC BRIDGE
MAELA,MANUELA
MAEMA,MAERSK DIADEMA
MAEN,MAERSK DRAMMEN
MAERO,MARUBA PAMPERO
MAERS,MAI RICKMERS
MAES,MAERSK STEPNICA
MAESAR,MAERSK SARNIA
MAESS,MAYA PRINCESS
MAEZA,MAERSK FORTALEZA
MAGAL,MAERSK DONEGAL
MAGOR,MAERSK BOGOR
MAGUA,MARUBA ACONCAGUA
MAHOD,MAERSK VOSHOD
MAHON,MAERSK MARATHON
MAHUE,MARUBA PETROHUE
MAINE,MADELEINE
MAIRA,MAIRA
MAISE,MARUBA ENTERPRISE
MAISO,MAERSK VALPARAISO
MAITO,MATAQUITO
MAIUM,MARE PHOENICIUM
MAIUS,MAERSK VILNIUS
MAJAI,MAERSK ITAJAI
MALAS,MAERSK DALLAS
MALIN,MAERSK DUBLIN
MAMBI,MAERSK JAMBI
MANA,MAERSK RAVENA
MANDA,MARUBA ZONDA
MANGO,MARUBA TANGO
MANHA,MANHATTAN
MANIA,MARCAMPANIA
MANOS,MAERSK MYKONOS
MAO A,MARIO A
MAOGI,MAERSK MESSOLOGI
MAONG,MAERSK HONG KONG
MAONS,MARUBA SIMMONS
MAOPA,MARUBA EUROPA
MAORT,MAERSK WEESTPORT
MAORY,MARUBA VICTORY
MAPPE,MAERSK DIEPPE
MAPUR,MAERSK JAIPUR
MARAN,MARUBA HUASCARAN
MARES,MAERSK DOLORES
MAROY,MARUBA FITZ ROY
MARTA,MAERSK JAKARTA
MARY,MARY VOYAGE
MARYA,MAERSK DANBURYA
MASE,MAERSK SERANGOON
MASEM,MAERSK SEMAKAU
MASIA,MARUBA ASIA
MATER,MAERSK GLOUCESTER
MATON,MAERSK MONCTON
MATOR,MARUBA IMPERATOR
MAURY,MAERSK DRURY
MAUTH,MAERSK FALMOUTH
MAYS,MAERSK DELLYS
MBIL,MSC BILBAO
MEBAY,MERKUR BAY
MEEDA,MEREDA
MENIA,MERCAMPANIA
MERBE,MERKUR BEACH
MNLOA,LOA
MOACY,MOL SUPREMACY
MOARO,MONTE TAMARO
MODOM,MOL WISDOM
MOEAM,MOL DREAM
MOENT,MOL ENDOWMENT
MOERY,MOL BRAVERY
MOEUR,MOL GRANDEUR
MOEZE,MOL SEABREEZE
MOGEN,MOL GENESIS
MOGER,MOL NIGER
MOGRE,MONTE ALEGRE
MOGUA,MONTE ACONCAGUA
MOHAI,MOL SHANGHAI
MOIDE,MOL PRIDE
MOINE,MOL SUNSHINE
MOINT,MOL SPRINT
MOINY,MOL DESTINY
MOISE,MOL SUNRISE
MOISH,MOL WISH
MOISO,MOL VALPARAISO
MOITE,MOL ELITE
MOLADV,MOL ADVANTAGE
MOLAO,MOL CALLAO
MOLGAR,MOL GARLAND
MOLGEN,MOL GENEROSITY
MOLI,MONTE OLIVIA
MOLIA,MOL BRASILIA
MOLP,MOL PARAMOUNT
MOLPRE,MOL PRESTIGE
MOLPRI,MOL PRIORITY
MOLXX,MOL EXPRESS
MONA,MONA LISA
MONCA,MOL INCA
MONCY,MOL EFFICIENCY
MONOR,MOL HONOR
MONTEX,MONTEVIDEO EXPRESS
MONTO,MONTE SARMIENTO
MONVER,MONTE VERDE
MOOAL,MONTE PASCOAL
MOOPA,MONTEMAR EUROPA
MOOSA,MONTE ROSA
MOPR,MOL PROSPERITY
MOPRE,MOL PRECISION
MORSE,MOL UNIVERSE
MOUDE,MOL FORTITUDE
MOUMA,MOL FOUMA
MOVOR,MOL ENDEAVOR
MOWAY,MOL GATEWAY
MOZUL,MONTE AZUL
MSACE,MSC CAPE RACE
MSAGA,MSC MALAGA
MSAGO,MSC CHICAGO
MSAKI,MSC MANDRAKI
MSAMA,MSC YOKOHAMA
MSANS,MSC ANS
MSATA,MSC DONATA
MSATE,MSC FORTUNATE
MSBAL,MSC CRISTOBAL
MSBIA,MSC ZAMBIA
MSCA,MSC CAROLE
MSCAS,MSC CARACAS
MSCCA,MSC CANDICE
MSCIA,MSC VALENCIA
MSCJOA,MSC JOANNA
MSCLI,MSC LISA
MSCME,MSC MARIA ELENA
MSCPIL,MSC PILAR
MSCSH,MSC SHANNON
MSCV,MSC VAISHNAVI R.
MSDEN,MSC SWEDEN
MSDES,MSC ANDES
MSEDO,MSC TOLEDO
MSELA,MSC ANGELA
MSENA,MSC LORENA
MSERU,MSC PERU
MSEV,MAERSK SEVILLE
MSFE,MSC FEDERICA
MSGUE,MSC PRAGUE
MSHON,MSC MARATHON
MSIBO,MSC MARACAIBO
MSILE,MSC CHILE
MSINE,MSC JASMINE
MSJWA,MSC NAJWA
MSKIM,MSC KIM
MSLA,MSC ROSSELLA
MSLE,MSC NICOLE
MSLES,MSC BRUXELLES
MSMA,MSC MADELEINE
MSNIA,MSC EUGENIA
MSNNE,MSC FABIENNE
MSNOS,MSC ROMANOS
MSONA,MSC ANCONA
MSOS,MSC MYKONOS
MSPA,MSC PAMELA
MSPI,MSC PINA
MSQUE,MSC MOZAMBIQUE
MSRIA,MSC VITTORIA
MSRIS,MSC PARIS
MSRO,MSC ROSARIA
MSRRY,MSC KERRY
MSSSA,MSC ALYSSA
MSTHI,MSC ESTHI
MSUCY,MSC LUCY
MSUSA,MSC USA
MSVOS,MSC DAVOS
MSYPT,MSC EGYPT
MSZIA,MSC VENEZIA
MVA J,MV CORONA J
NAE 1,NAVE 1
NAESS,NAVEGANTES EXPRESS
NAIHE,NAXIHE
NE13S,NEW HOPE STAR  V.013S
NEAMA,NED. ATACAMA
NEAN,NED CHUSAN
NEANO,NED. ALTIPLANO
NEDES,NED ANDES
NEENT,NED. CLEMENT
NEGUA,NED ACONCAGUA
NEIA,NEDLLOYD ARAUCANIA
NELCO,NED. ACAPULCO
NENEO,NEPTUNIA MEDITERRANEO
NETAM,NEDLLOYD BANTAM
NETAN,NED. BATAN
NEUA,NED. ACONCAGUA
NIRSK,NICOLINE MAERSK
NLEO,NYK LEO
NOGLE,NORDEAGLE
NOICE,NORTHERN JUSTICE
NOILE,NORTHERN JUVENILE
NOION,NORTHERN PROMOTION
NOLYA,NORASIA ALYA
NORD,NORTHERN DELEGATION
NORIS,NORASIA POLARIS
NORIX,NORASIA BELLATRIX
NORSK,NORA MAERSK
NORV,NORTHERN VIGOUR
NOTIC,NORDATLANTIC
NOTOR,NORDERTOR
NYAGA,NYK FUTAGA
NYAGO,NYK FUTAGO
NYAPH,NYK APHRODITE
NYARA,NYK CLARA
NYAXY,NYK GALAXY
NYBEL,NYK ISABEL
NYELA,NYK ESTRELA
NYEMA,NYK IPANEMA
NYEOR,NYK METEOR
NYICA,NYK VERONICA
NYITO,NYK ESPIRITO
NYKAQ,NYK AQUARIUS
NYKD,NYK DEMETER
NYKL,NYK LIBRA
NYKLOD,NYK LODESTAR
NYKLYR,NYK LYRA
NYLLA,NYK DANIELLA
NYLYN,NYK LYNX
NYNNA,NYK JOANNA
NYOSA,NYK ROSA
NYRIA,NYK MARIA
NYRSK,NYSTED MAERSK
NYSTA,NYK FLORESTA
NYUJI,NYK FUJI
NYULA,NYK PAULA
NYURA,NYK LAURA
NYVIA,NYK SILVIA
OAKL,APL OAKLAND
OCPER,OCEAN PROSPER
OCVIA,OCTAVIA
OMRUM,OM AGARUM
ORION,ORION
P&ANO,P&O NED. ALTIPLANO
P&DA,P&O NEDLLOYD OLINDA
P&MA,P&O NEDLLOYD  DEJIMA
P&NAL,P&O NED. PANTANAL
P&RAT,P&O NEDLLOYD SURAT
P&SAN,P&O NEDLLOYD CHUSAN
P&TAM,P&O NEDLLOYD BANTAM
PAGAL,PANGAL
PAGER,PACIFIC VOYAGER
PALLO,PAPAGALLO
PALTE,PATRICIA SCHULTE
PANA,P & O NEDLLOYD ANTISANA
pasc,PAULA SCHULTE
PATIC,PANATLANTIC
PESUS,PEGASUS
PEVER,PEARL RIVER
PIIMA,PINL DEJIMA
PLUTO,PLUTO
PODA,PONL OLINDA
POGUA,PONL ACONCAGUA
POLCO,PONL ACAPULCO
POMAR,POR CONFIRMAR
PORAT,PONL SURAT
POSAN,PONL CHUSAN
PRPAM,PROVISIONAL PAM
PSCA,P &O NEDLLOYD MUISCA
PTFINO,PORTOFINO
PUCHE,PUELCHE
QUZAL,QUETZAL
RAANA,RAHANA
RAFAE,S. RAFAEL
RAJAN,RANJAN
RAOPA,RATANA SOPA
RDORD,RDO CONCORD
REROS,RETIROS
RHQUA,RHL AQUA
RHTAS,RHL AGILITAS
RIARA,RIO PARA
RIDER,RIO EIDER
RIESS,RIO DE JANEIRO EXPRESS
RIIFF,RIO CARDIFF
RINTE,RIO VALIENTE
RIRDE,RIO VERDE
RIRS,RICKMER RICKMERS
RITA,RIO TAKU
RIWIS,RIVER WISDOM
RODO,RIO ADOUR
RONIA,ROMANIA
ROTT,ROTTERDAM
RSCH,RITA SCHEPERS
RUERS,RUDOLF SCHEPERS
SACA,SANTA FEDERICA
SACAS,SANTA PAULA COCHARCAS
SAFBAN,SAFMARINE BANDAMA
SAFRB,SAN FRANCISCO BRIDGE
SAHUM,SATTHA BHUM
SAITA,SANTA FELICITA
SANA,SANTA GIOVANNA
SANI,SANTA ISABEL
SANIO,SAN ANTONIO
SANNA,SANTA ROSANNA
SANR,SANTA ROSA
SANRE,SANTA REBECCA
SANZA,SANTA FIORENZA
SARUZ,SANTA CRUZ
SASCA,SANTA FRANCESCA
SAUKI,SANUKI
SAUR,SANTA URSULA
SAWAT,SAWAT
SCERN,SCL BERN
SDBR,SAN DIEGO BRIDGE
SEABR,SEATTLE BRIDGE
SEACHI,SEABORD CHILE
SEEER,SEABOARD PIONEER
SEFIC,SEABOARD PACIFIC
SEGER,SEA TIGER
SEICA,SEABOARD AMERICA
SEIDA,SEABOARD FLORIDA
SEII,SEABOARD CHILE II
SEILL,SEALAND ILLINOIS
SEIMA,SEROJA LIMA
SELE,SEABOARD CHILE
SELIA,SEVILLIA
SELLA,SEVILLA
SEMBA,MAERSK SEMBAWANG
SENAN,MAERSK SENANG
SENCE,SEABOARD RELIANCE
SERER,SEABOARD DISCOVERER
SERU,SEABOARD PERU
SETAR,SEABOARD STAR
SETOR,SENATOR
SETSU,SETTSU
SEUMA,SEA PUMA
SEURE,SEABOARD ADVENTURE
SHHE,SHAN HE
SHIMA,SHIMA
SIESS,SINGAPORE EXPRESS
SITEN,SIGRUN BOLTEN
SLRER,SLOMAN DISCOVERER
SMEN,S BREMEN
SOIOU,SORMIOU
SOOGA,SOGA
SOWER,SOUL TOWER
SPIHAM,SPIRIT OF HAMBURG
SRAFAE,SANTA RAFAELA
STBAR,SANTA BARBARA
STDEN,STADT EMDEN
STEN,STADT MUNCHEN
STJE,STADT JENA
STMAR,STADT WISMAR
STTA,STA MARGARITA
SUESS,SUAPE EXPRESS
SUIDA,SUMIDA
SUNA,SUKAYNA
SUNOAS,SUNNY OASIS
SUROG,SUDEROG
SZDER,SZCZECIN TRADER
TABEA,TABEA
TADER,TASMAN CRUSADER
TASSA,TALASSA
TBTBA,TBA
TBTBN,TBN
THAM,THORSTREAM
THEAS,THEAS
THLTE,THEKLA SCHULTE
THTAR,THOR NECTAR
THUNE,THOR NEPTUNE
TITAN,TITAN
TMLGO,TMM HIDALGO
TOCO,CSAV TOCONAO
TOE S,TORGE S
TOUR,APL TOURMALINE
TUGE,TUSCANY BRIDGE
ULHER,ULF RITSCHER
UNERT,UNI CONCERT
UNUNE,UNI FORTUNE
UNVER,UNIFOREVER
URNUS,URANUS
VADGE,VALENCIA BRIDGE
VAER,VANCOUVER
VAESS,VALPARAISO EXPRESS
VAURE,VADO LIGURE
VAVIA,VALDIVIA
VERO,MSC VERONIQUE
VIAIT,VICTORIA STRAIT
VIGLE,VIKING EAGLE
VIITY,VITALITY
VIRIA,VICTORIA
VLRNA,VLAHERNA
WA512,WAN HAI 512
WAALE,WARNOW  WHALE
WAH516,WAN HAI 516
WAHA5,WAN HAI 515
WAHA51,WAN HAI 517
WAHAI,WAN HAI
WAHE,WANHE
WANHAI,WAN HAI 513
WARN,WARNOW DOLPHIN
WASH,WASHINGTON
WAYAN,WADI ALRAYAN
WEAMM,WESTERHAMM
WEAVE,WEHR TRAVE
WECB,WEC BRUEGHEL
WEECH,WESTERDIECH
WEEK,WEHR FLOTTBEK
WEENZ,WEHR KOBLENZ
WEESE,WEHR BLANKENESE
WEICH,WESTERDEICH
WELLIN,WELLINGTON EXPRESS
WEOOR,WESTERMOOR
WESER,WEHR WESER
WHA51,WAN HAI 511
WHSEA,WHITE SEA
WHTEN,WHER NIENSTEDTEN
WIILA,WILA
XCHW,XIN CHI WAN
XFZH,XIN FU ZHOU
XIANEN,XIANXIA MEN
XINMIN,XIN MING ZHOU
XINN,XIN NING BO
XXMN,XIN XIA MEN
YEEA,YELLOW SEA
YRNE,YRENE
ZRIN,ZRIN
