CodigoPuerto,CodigoPais,NombrePuerto,TipoTransporte,EsPuertoLocal,NombreAntiguo,CodAntiguo
KPER,SI,KOPER,M,0,KOPER,123
HARA,TR,HAYDARPASA,M,0,HAYDARPASA,827
ANAA,DZ,ANNABA,M,0,ANNABA,AAE
ACHN,DE,AACHEN,M,0,AACHEN,AAH
ABOG,DK,AALBORG,M,0,AALBORG,AAL
AAIN,AE,ALAIN,M,0,AL AIN,AAN
ARHS,DK,AARHUS,M,0,AARHUS,AAR
ARDN,GB,ABERDEEN,M,0,ABERDEEN,ABD
AOLE,ES,ALBOLOTE,M,0,ALBOLOTE,ACB
ACRA,GH,ACCRA,M,0,ACCRA,ACC
LARE,ES,LANZAROTE,A,0,LANZAROTE,ACE
TCOA,US,TACOMA,M,0,TACOMA,ACI
AJUA,CR,ACAJUTLA,M,0,ACAJUTLA,ACJ
AANA,TR,ADANA,M,0,ADANA,ADA
ASAA,AO,ADDISABABA,M,0,ADDIS ABABA,ADD
ADEN,YE,ADEN,M,0,ADEN,ADE
AHEO,PT,ANGRADOHEROISMO,M,0,ANGRA DO HEROISMO,ADH
ALAE,AU,ADELAIDE,M,0,ADELAIDE,ADL
ASUD,NO,ALESUND,M,0,ALESUND,AES
ASBG,DE,AUGSBURG,M,0,AUGSBURG,AGB
MLAA,ES,MALAGA,A,0,MALAGA,AGP
HIYN,CN,HUAIYIN,M,0,HUAIYIN,AIN
AMAN,AE,AJMAN,M,0,AJMAN,AJM
AKEN,IL,ASHKELON,M,0,ASHKELON,AKL
AKLD,NZ,AUCKLAND,A,0,AUCKLAND,AKL
AACE,ES,ALBACETE,M,0,ALBACETE,ALB
ACAE,ES,ALICANTE,A,0,ALICANTE,ALC
AANA1,IT,ALESSANDRIA,M,0,ALESSANDRIA,ALE
AGER,DZ,ALGER,M,0,ALGER,ALG
ACIS,ES,ALGECIRAS,M,0,ALGECIRAS,ALG
AANA2,EG,ALEXANDRIA,M,0,ALEXANDRIA,ALY
AARI,TR,AMBARLI,M,0,AMBARLI,AMB
ADAD,IN,AHMEDABAD,M,0,AHMEDABAD,AMD
AMAN1,JO,AMMAN,M,0,AMMAN,AMM
AERM,NL,AMSTERDAM,A,0,AMSTERDAM,AMS
AAGA,CL,ANTOFAGASTA,M,0,ANTOFAGASTA,ANF
AKAA,TR,ANKARA,M,0,ANKARA,ANK
AWEP,BE,ANTWERP,M,0,ANTWERP,ANR
ABAH,DE,ANSBACH,M,0,ANSBACH,ANS
ACOA,IT,ANCONA,M,0,ANCONA,AOI
ASTA,IT,AOSTA,M,0,AOSTA,AOT
APIA,WS,APIA,M,0,APIA,APW
AQIG,CN,ANQING,M,0,ANQING,AQG
AEZO,IT,AREZZO,M,0,AREZZO,ARE
AICA,CL,ARICA,M,0,ARICA,ARI
AHDD,IL,ASHDOD,M,0,ASHDOD,ASH
ASHN,CN,ANSHAN,M,0,ANSHAN,ASN
AIPO,IT,ASCOLIPICENO,M,0,ASCOLI PICENO,ASP
KSEI,TR,KAYSERI,M,0,KAYSERI,ASR
ASTI,IT,ASTI,M,0,ASTI,AST
ANCN,PY,ASUNCION,M,0,ASUNCION,ASU
ANTA,US,"ATLANTA,GA",A,0,"ATLANTA, GA",ATL
AAMA,BR,ALTAMIRA,M,0,ALTAMIRA,ATM
ADHI,AE,ABUDHABI,M,0,ABU DHABI,AUH
ALLO,IT,AVELLINO,M,0,AVELLINO,AVE
AILA,ES,AVILA,M,0,AVILA,AVI
AGNN,FR,AVIGNON,M,0,AVIGNON,AVN
AITA,JP,AKITA,M,0,AKITA,AXT
AANA3,CY,AYIANAPA,M,0,AYIA NAPA,AYI
AYAG,CN,ANYANG,M,0,ANYANG,AYN
BISA,SK,BRATISLAVA,M,0,BRATISLAVA,BAB
BDIG,CN,BAODING,M,0,BAO DING,BAD
BRAN,BH,BAHRAIN,A,0,BAHRAIN,BAH
BIME,US,BALTIMORE,M,0,BALTIMORE,BAL
BNQA,CO,BARRANQUILLA,A,0,BARRANQUILLA,BAQ
BUQN,CN,BAYUQUAN,M,0,BAYUQUAN,BAY
BDNS,PH,BACOLODNEGROS,M,0,BACOLOD NEGROS,BCD
BELA,ES,BARCELONA,A,0,BARCELONA,BCN
BRMN,ID,BANJARMASIN,M,0,BANJARMASIN,BDJ
BLBY,AU,BELLBAY,M,0,BELL BAY,BEL
BFAT,GB,BELFAST,M,0,BELFAST,BEL
BNXI,CN,BENXI,M,0,BENXI,BEN
BVEO,IT,BENEVENTO,M,0,BENEVENTO,BEN
BRLN,DE,BERLIN,A,0,BERLIN,BER
BSHA,IL,BEERSHEBA,M,0,BEER SHEBA,BEV
BIRA,MZ,BEIRA,M,0,BEIRA,BEW
BIRT,LB,BEIRUT,M,0,BEIRUT,BEY
BEFD,DE,BIELEFELD,M,0,BIELEFELD,BFE
BGEN,BB,BRIDGETOWN,M,0,BRIDGETOWN,BGI
BGAO,IT,BERGAMO,M,0,BERGAMO,BGO
BRGN,NO,BERGEN,M,0,BERGEN,BGO
BHDD,IQ,BAGHDAD,M,0,BAGHDAD,BGW
BINM,GB,BIRMINGHAM,M,0,BIRMINGHAM,BHM
BIHI,CN,BEIHAI,M,0,BEIHAI,BHY
BELA1,IT,BIELLA,M,0,BIELLA,BIE
BZHU,CN,BINZHOU,M,0,BIN ZHOU,BIN
BLBO,ES,BILBAO,A,0,BILBAO,BIO
BNGL,US,BIRMINGHAMAL,M,0,BIRMINGHAM AL,BIR
BJAA,DZ,BEJAIA,M,0,BEJAIA,BJA
BNJL,GM,BANJUL,M,0,BANJUL,BJL
BJIO,CN,BEIJIAO,M,0,BEIJIAO,BJO
BJIG,CN,BEIJING,M,0,BEIJING,BJS
BOJI,CN,BAOJI,M,0,BAO JI,BJX
BAJZ,ES,BADAJOZ,M,0,BADAJOZ,BJZ
BGKK,TH,BANGKOK,A,0,BANGKOK,BKK
BMAO,ML,BAMAKO,M,0,BAMAKO,BKO
BLBA,PA,BALBOA,M,0,BALBOA,BLB
BOGA,IT,BOLOGNA,M,0,BOLOGNA,BLQ
BALE,IN,BANGALORE,M,0,BANGALORE,BLR
BAWN,ID,BELAWAN,M,0,BELAWAN,BLW
BLUO,IT,BELLUNO,M,0,BELLUNO,BLX
BNTE,MW,BLANTYRE,M,0,BLANTYRE,BLZ
BSBE,AU,BRISBANE,M,0,BRISBANE,BNE
BDEX,FR,BORDEAUX,M,0,BORDEAUX,BOD
BGOA,CO,BOGOTA,A,0,BOGOTA,BOG
BRGS,BG,BURGAS,M,0,BURGAS,BOJ
BCHM,DE,BOCHUM,M,0,BOCHUM,BOM
MMBI,IN,MUMBAI,M,0,MUMBAI,BOM
BNNY,DE,BONNY,M,0,BONNY,BON
BRAS,SE,BORAS,M,0,BORAS,BOS
BSTN,US,BOSTON,A,0,BOSTON,BOS
BTRP,DE,BOTTROP,M,0,BOTTROP,BOT
BKPN,ID,BALIKPAPAN,M,0,BALIKPAPAN,BPN
BSCA,IT,BRESCIA,M,0,BRESCIA,BRC
BEMN,DE,BREMEN,A,0,BREMEN,BRE
BARI,IT,BARI,M,0,BARI,BRI
BERN,CH,BERN,M,0,BERN,BRN
BVIX,US,"BROWNSVILLE,TX",M,0,"BROWNSVILLE, TX",BRO
BRNO,CZ,BRNO,M,0,BRNO,BRQ
BSTL,GB,BRISTOL,M,0,BRISTOL,BRS
BSSL,BE,BRUSSEL,A,0,BRUSSEL,BRU
BRHN,DE,BREMERHAVEN,M,0,BREMERHAVEN,BRV
BATA,GE,BATA,M,0,BATA,BSG
BSEL,CH,BASEL,M,0,BASEL,BSL
BSRA,IQ,BASRA,M,0,BASRA,BSR
BTAM,ID,BATAM,M,0,BATAM,BTH
BTUU,MY,BINTULU,M,0,BINTULU,BTU
BAPT,HU,BUDAPEST,M,0,BUDAPEST,BUD
BSAS,AR,BUENOSAIRES,A,0,BUENOS AIRES,BUE
BALY,US,"BUFFALO,NY",M,0,"BUFFALO, NY",BUF
BVEA,CO,BUENAVENTURA,M,0,BUENAVENTURA,BUN
BAWO,ZW,BULAWAYO,M,0,BULAWAYO,BUQ
BRGS1,ES,BURGOS,M,0,BURGOS,BUR
BSCG,DE,BRAUNSCHWEIG,M,0,BRAUNSCHWEIG,BWE
BTUN,PH,BUTUAN,M,0,BUTUAN,BXU
BZEY,BZ,BELIZECITY,M,0,BELIZE CITY,BZE
BZAO,IT,BOLZANO,M,0,BOLZANO,BZO
CDIZ,ES,CADIZ,M,0,CADIZ,CAD
CLII,IT,CAGLIARI,M,0,CAGLIARI,CAG
CIRO,EG,CAIRO,M,0,CAIRO,CAI
CGAY,CA,CALGARY,M,0,CALGARY,CAL
GOUA,CN,"GUANGZHOU,CHINA",A,0,"GUANGZHOU, CHINA",CAN
"GU,G",CN,"GUANGZHOU,XINGFENG",M,0,"GUANGZHOU, XINGFENG",CAN
CCEO,DO,CAUCEDO,M,0,CAUCEDO,CAU
CABA,BO,COCHABAMBA,M,0,COCHABAMBA,CBB
CSSE,FR,CARCASSONNE,M,0,CARCASSONNE,CCF
CERS,ES,CACERES,M,0,CACERES,CCS
CACS,VE,CARACAS,A,0,CARACAS,CCS
CCUA,IN,CALCUTTA,M,0,CALCUTTA,CCU
CDIF,GB,CARDIFF,M,0,CARDIFF,CDF
CDEE,FR,CHARLESDEGAULLE,A,0,CHARLES DE GAULLE,CDG
CEBU,PH,CEBU,M,0,CEBU,CEB
CUTA,ES,CEUTA,M,0,CEUTA,CEU
CSEA,IT,CESENA,M,0,CESENA,CEZ
KOLN,DE,KOLN,M,0,KOLN,CGN
CTAG,BD,CHITTAGONG,M,0,CHITTAGONG,CGP
CGCN,CN,CHANGCHUN,M,0,CHANG CHUN,CGQ
CNGU,CN,CHANGSHU,M,0,CHANGSHU,CGU
CANO,PH,CAGAYANDEORO,M,0,CAGAYAN DE ORO,CGY
CIBA,JP,CHIBA,M,0,CHIBA,CHB
CTCH,NZ,CHRISTCHURCH,M,0,CHRISTCHURCH,CHC
CMNZ,DE,CHEMNITZ,M,0,CHEMNITZ,CHE
CAGL,US,CHICAGOIL,M,0,CHICAGO IL,CHI
CESC,US,CHARLESTONSC,M,0,CHARLESTON SC,CHS
CIEI,IT,CHIETI,M,0,CHIETI,CII
CINO,NI,CORINTO,M,0,CORINTO,CIO
CADL,ES,CIUDADREAL,M,0,CIUDAD REAL,CIR
CIXI,CN,CIXI,M,0,CIXI,CIX
CBAE,IN,COIMBATORE,M,0,COIMBATORE,CJB
CGQG,CN,CHONGQING,M,0,CHONGQING,CKG
CAKY,GN,CONAKRY,M,0,CONAKRY,CKY
ARTO,PE,AEROPUERTOCALLAO,A,1,AEROPUERTO CALLAO,CLA
CLAH,US,"CLEVELAND,OH",A,0,"CLEVELAND, OH",CLE
CLLO,PE,CALLAO,M,1,CALLAO,CLL
CALI,CO,CALI,A,0,CALI,CLO
CLOE,US,CHARLOTTE,A,0,CHARLOTTE,CLT
CLAA,MX,CELAYA,M,0,CELAYA,CLY
COMO,LK,COLOMBO,M,0,COLOMBO,CMB
CBUH,US,"COLUMBUS,OH",M,0,"COLUMBUS, OH",CMH
CNGE,CN,CHENGDE,M,0,CHENG DE,CNG
COBO,IT,CAMPOBASSO,M,0,CAMPOBASSO,COB
CCHN,IN,COCHIN,M,0,COCHIN,COK
CLON,AR,COLON,M,0,COLON,COL
CLIA,MX,COLIMA,M,0,COLIMA,COL
CONU,BJ,COTONOU,M,0,COTONOU,COO
CDOA,AR,CORDOBA,A,0,CORDOBA,COR
CTBS,DE,COTTBUS,M,0,COTTBUS,COT
COZU,CN,CHAOZHOU,M,0,CHAOZHOU,COZ
CGPG,CN,CHANGPING,M,0,CHANGPING,CPG
CNHN,DK,COPENHAGEN,M,0,COPENHAGEN,CPH
CETN,ZA,CAPETOWN,A,0,CAPE TOWN,CPT
CMOA,IT,CREMONA,M,0,CREMONA,CRE
COTC,US,CHARLOTTENC,M,0,CHARLOTTE NC,CRQ
CTEN,ES,CASTEJON,M,0,CASTEJON,CSJ
CTRS,LC,CASTRIES,M,0,CASTRIES,CSJ
COSO,PA,COCOSOLO,M,0,COCO SOLO,CSO
CERA,IT,CASERTA,M,0,CASERTA,CST
CNGA,CN,CHANGSHA,M,0,CHANGSHA,CSX
CANA,IT,CATANIA,M,0,CATANIA,CTA
CTOL,PA,CRISTOBAL,M,0,CRISTOBAL,CTB
CAGA,CO,CARTAGENA,M,0,CARTAGENA,CTG
CISA,IT,CALTANISSETTA,M,0,CALTANISSETTA,CTS
CNGU1,CN,CHENGDU,M,0,CHENGDU,CTU
CENA,ES,CUENCA,M,0,CUENCA,CUE
CIAN,MX,CULIACAN,M,0,CULIACAN,CUL
CNEO,IT,CUNEO,M,0,CUNEO,CUN
CVEA,IT,CIVITAVECCHIA,M,0,CIVITAVECCHIA,CVV
CIWN,CN,CHIWAN,M,0,CHIWAN,CWN
COYG,CN,CHAOYANG,M,0,CHAOYANG,CYG
CANE,DZ,CONSTANTINE,M,0,CONSTANTINE,CZL
CGZU,CN,CANGZHOU,M,0,CANGZHOU,CZU
CGZU1,CN,CHANGZHOU,M,0,CHANGZHOU,CZX
DGAG,CN,DAGANG,M,0,DAGANG,DAA
DAKA,BD,DHAKA,M,0,DHAKA,DAC
DNAG,VN,DANANG,M,0,DANANG,DAD
DLAX,US,DALLASTX,M,0,DALLAS TX,DAL
DSTT,DE,DARMSTADT,M,0,DARMSTADT,DAR
DTOG,CN,DATONG,M,0,DATONG,DAT
DXIN,CN,DAXIAN,M,0,DAXIAN,DAX
DANY,CN,DACHANBAY,M,0,DA CHAN BAY,DCB
DDOG,CN,DANDONG,M,0,DANDONG,DDG
DLHI,IN,DELHI,A,0,DELHI,DEL
DLLS,US,DALLAS,A,0,DALLAS,DFW
DGGN,CN,DONGGUAN,M,0,DONGGUAN,DGG
DGTI,CN,DONGTAI,M,0,DONGTAI,DGT
DGUE,PH,DUMAGUETE,M,0,DUMAGUETE,DGT
DJON,FR,DIJON,M,0,DIJON,DIJ
DKAR,SN,DAKAR,M,0,DAKAR,DKR
DUAA,CM,DOUALA,M,0,DOUALA,DLA
DLIN,CN,DALIAN,M,0,DALIAN,DLC
DOHA,QA,DOHA,M,0,DOHA,DOH
DUMN,CN,DOUMEN,M,0,DOUMEN,DOU
DQIG,CN,DAQING,M,0,DAQING,DQG
DSDN,DE,DRESDEN,M,0,DRESDEN,DRS
DRWN,AU,DARWIN,M,0,DARWIN,DRW
DRRS,AL,DURRES,M,0,DURRES,DRZ
DTMD,DE,DORTMUND,M,0,DORTMUND,DTM
DROT,US,DETROIT,A,0,DETROIT,DTW
DBLN,IE,DUBLIN,M,0,DUBLIN,DUB
DEDN,NZ,DUNEDIN,M,0,DUNEDIN,DUD
DSBG,DE,DUISBURG,M,0,DUISBURG,DUI
DRBN,ZA,DURBAN,M,0,DURBAN,DUR
DELF,DE,DUSSELDORF,A,0,DUSSELDORF,DUS
DBAI,AE,DUBAI,M,0,DUBAI,DXB
DRBY,GB,DERBY,M,0,DERBY,DXY
SBAN,ES,SANSEBASTIAN,M,0,SAN SEBASTIAN,EAS
ELBA,IT,ELBA,M,0,ELBA,EBA
EJEG,DK,ESBJERG,M,0,ESBJERG,EBJ
EORT,KE,ELDORET,M,0,ELDORET,EDL
EAME,VE,ELGUAMACHE,M,0,EL GUAMACHE,EGU
ELON,ZA,EASTLONDON,M,0,EAST LONDON,ELS
ENNA,IT,ENNA,M,0,ENNA,ENO
EFUT,DE,ERFURT,M,0,ERFURT,ERF
EENA,MX,ENSENADA,M,0,ENSENADA,ESE
ESEN,DE,ESSEN,M,0,ESSEN,ESS
ETEC,MX,ECATEPEC,M,0,ECATEPEC,ETP
NWAK,US,NEWARK,A,0,NEWARK,EWR
FCHG,CN,FANGCHENG,M,0,FANG CHENG,FAN
FGSN,CN,FANGSHAN,M,0,FANGSHAN,FAS
FGKI,CN,FENGKAI,M,0,FENGKAI,FKI
FSBG,DE,FLENSBURG,M,0,FLENSBURG,FLF
FNOS,BR,FLORIANOPOLIS,A,0,FLORIANOPOLIS,FLN
FENE,IT,FIRENZE,M,0,FIRENZE,FLR
FGUA,CY,FAMAGUSTA,M,0,FAMAGUSTA,FMG
FETN,SL,FREETOWN,M,0,FREETOWN,FNA
NMES,FR,NIMES,M,0,NIMES,FNI
FZHU,CN,FUZHOU,M,0,FUZHOU,FOC
FGGA,IT,FOGGIA,M,0,FOGGIA,FOG
FALA,BR,FORTALEZA,M,0,FORTALEZA,FOR
FSHN,CN,FOSHAN,M,0,FOSHAN,FOS
FURR,FR,FOSSURMER,M,0,FOS SUR MER ,FOS
FKFT,DE,FRANKFURT,A,0,FRANKFURT,FRA
FANE,AU,FREMANTLE,M,0,FREMANTLE,FRE
FIKD,NO,FREDRIKSTAD,M,0,FREDRIKSTAD,FRK
FRLI,IT,FORLI,M,0,FORLI,FRL
FINE,IT,FROSINONE,M,0,FROSINONE,FRO
FRAA,IT,FERRARA,M,0,FERRARA,FRR
FISN,BW,FRANCISTOWN,M,0,FRANCISTOWN,FRW
FSHN1,CN,FUSHUN,M,0,FU SHUN ,FSN
FTUA,US,FORTUNA,M,0,FORTUNA,FTQ
FAFI,TV,FUNAFUTI,M,0,FUNAFUTI,FUN
FXIN,CN,FUXIN,M,0,FUXIN,FUX
FXSE,GB,FELIXSTOWE,M,0,FELIXSTOWE,FXT
FYAG,CN,FUYANG,M,0,FUYANG,FYA
GZHU,CN,GAIZHOU,M,0,GAIZHOU,GAI
GOYO,CN,GAOYAO,M,0,GAOYAO,GAY
GORE,BW,GABORONE,M,0,GABORONE,GBE
GBOC,US,"GREENSBORO,NC",M,0,"GREENSBORO, NC",GBO
GLAA,MX,GUADALAJARA,A,0,GUADALAJARA,GDL
GANK,PL,GDANSK,M,0,GDANSK,GDN
GYNA,PL,GDYNIA,M,0,GDYNIA,GDY
GERA,DE,GERA,M,0,GERA,GEA
GKIN,DE,GELSENKIRCHEN,M,0,GELSENKIRCHEN,GEK
GGEN,GY,GEORGETOWN,M,0,GEORGETOWN,GEO
GLSS,PH,GENERALSANTOS,M,0,GENERAL SANTOS,GES
GALR,GI,GIBRALTAR,M,0,GIBRALTAR,GIB
RJAO,BR,RIODEJANIERO,A,0,RIO DE JANIERO,GIG
GJON,ES,GIJON,M,0,GIJON,GIJ
GSGW,GB,GLASGOW,M,0,GLASGOW,GLW
GNOA,IT,GENOVA,M,0,GENOVA,GOA
GMIG,CN,GAOMING,M,0,GAOMING,GOM
GENG,SE,GOTHENBURG,M,0,GOTHENBURG,GOT
GROA,ES,GERONA,M,0,GERONA,GRO
GSSO,IT,GROSSETO,M,0,GROSSETO,GRS
GULS,BR,GUARULHOS,A,0,GUARULHOS,GRU
GNAA,ES,GRANADA,M,0,GRANADA,GRX
GRAZ,AT,GRAZ,M,0,GRAZ,GRZ
GLAA1,ES,GUADALAJARA,M,0,GUADALAJARA,GUA
GEMA,GT,GUATEMALA,A,0,GUATEMALA,GUA
GALY,GT,GUATEMALACITY,M,0,GUATEMALA CITY,GUA
GGAG,CN,GUIGANG,M,0,GUIGANG,GUG
GUAM,GU,GUAM,M,0,GUAM,GUM
AOTU,PG,ALOTAU,M,0,ALOTAU,GUR
GNEE,CH,GENEVE,M,0,GENEVE,GVA
GAQL,EC,GUAYAQUIL,A,0,GUAYAQUIL,GYE
GIZA,IT,GORIZIA,M,0,GORIZIA,GZA
HDEA,IL,HADERA,M,0,HADERA,HAD
HGEN,DE,HAGEN,M,0,HAGEN,HAG
RHAA,DO,RIOHAINA,M,0,RIO HAINA,HAI
HNOR,DE,HANNOVER,M,0,HANNOVER,HAJ
HIKU,CN,HAIKOU,M,0,HAIKOU,HAK
HIFX,CA,HALIFAX,M,0,Halifax,HAL
HLLE,DE,HALLE,M,0,HALLE,HAL
HBUO,DE,HAMBURGO,A,0,HAMBURGO,HAM
HBUG,DE,HAMBURG,M,0,HAMBURG,HAM
HNOI,VN,HANOI,M,0,HANOI,HAN
HTIS,NZ,HASTINGS,M,0,HASTINGS,HAS
LABA,CU,LAHABANA,M,0,LA HABANA,HAV
HBAT,AU,HOBART,M,0,HOBART,HBA
BALB,EG,BURJALARAB,M,0,BURJ AL ARAB,HBE
HNDN,CN,HANDAN,M,0,HAN DAN ,HDX
HRNE,DE,HERNE,M,0,HERNE,HEE
HELG,DE,HEIDELBERG,M,0,HEIDELBERG,HEI
HSII,FI,HELSINKI,M,0,HELSINKI,HEL
HNGG,SE,HELSINGBORG,M,0,HELSINGBORG,HEL
HBRN,DE,HEILBRONN,M,0,HEILBRONN,HEN
HIFA,IL,HAIFA,M,0,HAIFA,HFA
HFEI,CN,HEFEI,M,0,HEFEI,HFE
HGZU,CN,HANGZHOU,M,0,HANGZHOU,HGH
HSHA,JP,HIROSHIMA,M,0,HIROSHIMA,HIJ
HESM,DE,HILDESHEIM,M,0,HILDESHEIM,HIL
HNIG,CN,HAINING,M,0,HAINING,HIN
HGSI,CN,HENGSHUI,M,0,HENGSHUI,HIS
HGKG,HK,HONGKONG,A,0,HONG KONG,HKG
HUDO,CN,HULUDAO,M,0,HULUDAO,HLO
HILN,NZ,HAMILTON,M,0,HAMILTON,HLZ
HIMN,CN,HAIMEN,M,0,HAIMEN,HME
HAMM,DE,HAMM,M,0,HAMM,HMM
HMEN,CN,HUMEN,M,0,HUMEN,HMN
HMIA,FI,HAMINA,M,0,HAMINA,HMN
HOSO,MX,HERMOSILLO,M,0,HERMOSILLO,HMO
HNLA,FI,HAMEENLINNA,M,0,HAMEENLINNA,HMY
HGYG,CN,HENGYANG,M,0,HENGYANG,HNY
HEIH,YE,HODEIDAH,M,0,HODEIDAH,HOD
HSTN,US,HOUSTON,A,0,HOUSTON,HOU
HTOX,US,HOUSTONTX,M,0,HOUSTON TX,HOU
HPHG,VN,HAIPHONG,M,0,HAIPHONG,HPH
"H,WG",CN,"HUANGPU,WUCHONG",M,0,"HUANGPU, WUCHONG",HPU
HRBN,CN,HARBIN,M,0,HARBIN,HRB
HRAE,ZW,HARARE,M,0,HARARE,HRE
HGSN,CN,HUANGSHAN,M,0,HUANGSHAN,HSH
HNGI,CN,HUANGSHI,M,0,HUANGSHI,HSI
HSHN,CN,HESHAN,M,0,HESHAN,HSN
HKAA,JP,HAKATA,M,0,HAKATA,HTD
HNGU,CN,HUANGPU,M,0,HUANGPU,HUA
HCHN,CN,HUNCHUN,M,0,HUNCHUN,HUC
HESA,ES,HUESCA,M,0,HUESCA,HUC
HZHU,CN,HUIZHOU,M,0,HUIZHOU,HUI
HUEX,VN,HUE,M,0,HUE,HUI
HELA,ES,HUELVA,M,0,HUELVA,HUV
HRAD,IN,HYDERABAD,M,0,HYDERABAD,HYD
HNGN,CN,HUANGYAN,M,0,HUANGYAN,HYN
HZHG,CN,HANZHONG,M,0,HANZHONG,HZG
HZHU1,CN,HUZHOU,M,0,HUZHOU,HZH
IIZA,ES,IBIZA,A,0,IBIZA,IBZ
NDEI,IN,NEWDELHI,M,0,NEW DELHI,ICD
KIEV,UA,KIEV,M,0,KIEV,IEV
ILOX,PE,ILO,M,1,ILO,ILQ
IBAI,JP,IMABARI,M,0,IMABARI,IMB
IERA,IT,IMPERIA,M,0,IMPERIA,IMP
ICHN,KR,INCHON,A,0,INCHON,INC
IHEN,KR,INCHEON,M,0,INCHEON,INC
IPON,US,"INDIANAPOLIS,IN",M,0,"INDIANAPOLIS, IN",IND
ILST,DE,INGOLSTADT,M,0,INGOLSTADT,ING
IBRK,AT,INNSBRUCK,M,0,INNSBRUCK,INN
IIQE,CL,IQUIQUE,A,0,IQUIQUE,IQQ
IMAD,PK,ISLAMABAD,M,0,ISLAMABAD,ISB
IRNA,IT,ISERNIA,M,0,ISERNIA,ISE
IAIA,EG,ISMAILIA,M,0,ISMAILIA,ISM
IANL,TR,ISTANBUL,M,0,ISTANBUL,IST
IGUI,BR,ITAGUAI,M,0,ITAGUAI,ITG
IAJI,BR,ITAJAI,M,0,ITAJAI,ITJ
ICAL,NZ,INVERCARGILL,M,0,INVERCARGILL,IVC
IMIR,TR,IZMIR,M,0,IZMIR,IZM
JAEN,ES,JAEN,M,0,JAEN,JAE
JNVL,US,JACKSONVILLEFL,M,0,JACKSONVILLE FL,JAX
JDEN,CN,JINGDEZHEN,M,0,JINGDEZHEN,JDZ
JELI,AE,JEBELALI,M,0,JEBEL ALI,JEA
JENA,DE,JENA,M,0,JENA,JEN
NNFT,US,NEWYORK-JOHNF.KENNEDYAPT,A,0,NEW YORK-JOHN F. KENNEDY APT,JFK
JNHA,CN,JINHUA,M,0,JINHUA,JHA
JNGN,CN,JIANGYIN,M,0,JIANGYIN,JIA
DBOI,DJ,DJIBOUTI,M,0,DJIBOUTI,JIB
JDIG,CN,JIADING,M,0,JIADING,JIG
JLIN,CN,JILIN,M,0,JILIN,JIL
JXIG,CN,JIAXING,M,0,JIAXING,JIX
JJIG,CN,JIUJIANG,M,0,JIUJIANG,JJG
JARA,ID,JAKARTA,M,0,JAKARTA,JKT
JNGN1,CN,JIANGMEN,M,0,JIANGMEN,JMN
JMUI,CN,JIAMUSI,M,0,JIAMUSI,JMU
JNEG,ZA,JOHANNESBURG,A,0,JOHANNESBURG,JNB
JNIG,CN,JINING,M,0,JINING,JNN
JZHU,CN,JINZHOU,M,0,JINZHOU,JNZ
JNSU,FI,JOENSUU,M,0,JOENSUU,JOE
JROG,CN,JURONG,M,0,JURONG,JRG
JOXN,CN,JIAOXIN,M,0,JIAOXIN,JXN
JSKA,FI,JYVASKYLA,M,0,JYVASKYLA,JYV
JOZU,CN,JIAOZHOU,M,0,JIAO ZHOU,JZH
JZHU1,CN,JIUZHOU,M,0,JIUZHOU,JZU
KAAI,FI,KAJAANI,M,0,KAJAANI,KAJ
KSSL,DE,KASSEL,M,0,KASSEL,KAS
KIEL,DE,KIEL,M,0,KIEL,KEL
KLUG,TW,KEELUNG,M,0,KEELUNG,KEL
KPTN,DE,KEMPTEN,M,0,KEMPTEN,KEN
KFEG,CN,KAIFENG,M,0,KAIFENG,KFG
KGAI,RW,KIGALI,M,0,KIGALI,KGL
KHIG,TW,KAOSHIUNG,M,0,KAOSHIUNG,KHH
KACI,PK,KARACHI,M,0,KARACHI,KHI
NCHG,CN,NANCHANG,M,0,NANCHANG,KHN
KISD,IR,KISHISLAND,M,0,KISH ISLAND,KIH
KGSN,JM,KINGSTON,A,0,KINGSTON,KIN
KSUU,KE,KISUMU,M,0,KISUMU,KIS
KTWE,ZM,KITWE,M,0,KITWE,KIW
KIYN,CN,KAIYUN,M,0,KAIYUN,KIY
KPAA,UG,KAMPALA,M,0,KAMPALA,KLA
KIPA,LT,KLAIPEDA,M,0,KLAIPEDA,KLJ
KSLN,DE,KAISERSLAUTERN,M,0,KAISERSLAUTERN,KLT
KMAO,US,KALAMAZOO,M,0,KALAMAZOO,KLZ
KAMO,JP,KUMAMOTO,M,0,KUMAMOTO,KMJ
KAZA,JP,KANAZAWA,M,0,KANAZAWA,KNZ
KKOA,FI,KOKKOLA,M,0,KOKKOLA,KOK
KKUA,JP,KOKURA,M,0,KOKURA,KOK
KDIG,DK,KOLDING,M,0,KOLDING,KOL
KSAV,RU,KORSAKOV,M,0,KORSAKOV,KOR
KPIG,CN,KAIPING,M,0,KAIPING,KPN
KAKW,PL,KRAKOW,M,0,KRAKOW,KRK
KIAD,NO,KRISTIANSAND,M,0,KRISTIANSAND,KRS
KRTM,SD,KHARTOUM,M,0,KHARTOUM,KRT
KTKA,FI,KOTKA,M,0,KOTKA,KTK
KSTN,VC,KINGSTOWN,M,0,KINGSTOWN,KTN
KBET,BN,KUALABELAIT,M,0,KUALA BELAIT,KUB
KLUR,MY,KUALALUMPUR,A,0,KUALA LUMPUR,KUL
KUNS,LT,KAUNAS,M,0,KAUNAS,KUN
KOPO,FI,KUOPIO,M,0,KUOPIO,KUO
KSHN,CN,KUNSHAN,M,0,KUNSHAN,KUS
KIEG,PG,KAVIENG,M,0,KAVIENG,KVG
KWAT,KW,KUWAIT,M,0,KUWAIT,KWI
GILN,CN,GUILIN,M,0,GUILIN,KWL
LANA,AO,LUANDA,M,0,LUANDA,LAD
LAEX,PG,LAE,M,0,LAE,LAE
LUAA,VE,LAGUAIRA,M,0,LA GUAIRA,LAG
LZHU,CN,LAIZHOU,M,0,LAIZHOU,LAI
LVES,US,LASVEGAS,A,0,LAS VEGAS,LAS
LSAE,CH,LAUSANNE,M,0,LAUSANNE,LAU
LNGS,US,LOSANGELES,A,0,LOS ANGELES,LAX
LELA,US,"LOSANGELES,CA",M,0,"LOS ANGELES ,CA",LAX
LBEK,DE,LÜBECK,M,0,LÜBECK,LBC
LANI,MY,LABUANHAJI,M,0,LABUAN HAJI,LBH
LEVE,GA,LIBREVILLE,M,0,LIBREVILLE,LBV
LNAA,CY,LARNACA,M,0,LARNACA,LCA
LCCE,IT,LECCE,M,0,LECCE,LCC
CRUA,ES,CORUÑA,M,0,CORUÑA,LCG
LHAG,TH,LAEMCHABANG,M,0,LAEM CHABANG,LCH
LCCO,IT,LECCO,M,0,LECCO,LCO
LCCA,IT,LUCCA,M,0,LUCCA,LCV
LAVE,FR,LEHAVRE,M,0,LE HAVRE,LEH
AERA,ES,ALMERIA,M,0,ALMERIA,LEI
LXOS,PT,LEIXOES,M,0,LEIXOES,LEI
LPZG,DE,LEIPZIG,M,0,LEIPZIG,LEJ
LEON,ES,LEON,M,0,LEON,LEN
LEON1,MX,LEON,M,0,LEON,LEN
LRKN,DE,LEVERKUSEN,M,0,LEVERKUSEN,LEV
LVIN,NZ,LEVIN,M,0,LEVIN,LEV
LGFG,CN,LANGFANG,M,0,LANGFANG,LFG
LOME,TG,LOME,M,0,LOME,LFW
LUGO,ES,LUGO,M,0,LUGO,LGO
LHOE,PK,LAHORE,M,0,LAHORE,LHE
LHTI,FI,LAHTI,M,0,LAHTI,LHI
LHEW,GB,LONDONHEATROW,A,0,LONDON HEATROW,LHR
LZHU1,CN,LANZHOU,M,0,LAN ZHOU,LHW
LOYG,CN,LIAOYANG,M,0,LIAOYANG,LIA
LUAN,CN,LIANHUASHAN,M,0,LIANHUASHAN,LIH
LIMA,PE,LIMA,A,1,LIMA,LIM
MLIT,IT,MILANO-LINATEAPT,A,0,MILANO-LINATE APT,LIN
POLN,CR,PUERTOLIMON,M,0,PUERTO LIMON,LIO
LYON,FR,LYON,M,0,LYON,LIO
LSHI,CN,LISHUI,M,0,LISHUI,LIS
LSBA,PT,LISBOA,A,0,LISBOA,LIS
LNDU,DE,LINDAU,M,0,LINDAU,LIU
LRPL,GB,LIVERPOOL,M,0,LIVERPOOL,LIV
LORO,IT,LIVORNO,M,0,LIVORNO,LIV
LRIA,ES,LERIDA,M,0,LERIDA,LJD
LLJA,SI,LJUBLJANA,M,0,LJUBLJANA,LJU
LGKU,CN,LONGKOU,M,0,LONGKOU,LKU
LLLE,FR,LILLE,M,0,LILLE,LLE
LONE,MW,LILONGWE,M,0,LILONGWE,LLW
LASL,CY,LIMASSOL,M,0,LIMASSOL,LMS
LNAN,CN,LINAN,M,0,LINAN,LNA
LNHI,CN,LINHAI,M,0,LINHAI,LNH
LINZ,AT,LINZ,M,0,LINZ,LNZ
LODZ,PL,LODZ,M,0,LODZ,LOD
LNDN,GB,LONDON,M,0,LONDON,LON
LGOS,NG,LAGOS,M,0,LAGOS,LOS
LALS,ES,LASPALMAS,M,0,LAS PALMAS,LPA
LPAZ,BO,LAPAZ,A,0,LA PAZ,LPB
MPIG,CN,MOUPING,M,0,MOUPING,LPG
LPAA,LV,LIEPAJA,M,0,LIEPAJA,LPX
LQUN,CL,LIRQUEN,M,0,LIRQUEN,LQN
LSHN,CN,LUSHUN,M,0,LUSHUN,LSH
LNSI,CN,LANSHI,M,0,LANSHI,LSI
LTOA,FJ,LAUTOKA,M,0,LAUTOKA,LTK
LAKA,SY,LATAKIA,M,0,LATAKIA,LTK
LTIA,IT,LATINA,M,0,LATINA,LTN
LGSN,DE,LUDWIGSHAFEN,M,0,LUDWIGSHAFEN,LUH
LSAA,ZM,LUSAKA,A,0,LUSAKA,LUN
LGSE,ZM,LIVINGSTONE,M,0,LIVINGSTONE,LVI
LYAG,CN,LUOYANG,M,0,LUO YANG,LYA
LYAG1,CN,LAIYANG,M,0,LAIYANG,LYD
LUNG,CN,LIANYUNGANG,M,0,LIANYUNGANG,LYG
LNYI,CN,LINYI,M,0,LINYI,LYI
FALD,PK,FAISALABAD,M,0,FAISALABAD,LYP
LTOT,FR,LYON-SATOLASAPT,A,0,LYON-SATOLAS APT,LYS
LELN,NZ,LYTTELTON,M,0,LYTTELTON,LYT
LZHU2,CN,LIUZHOU,M,0,LIUZHOU,LZH
MNSN,CN,MAANSHAN,M,0,MAANSHAN,MAA
CNNI,IN,CHENNAI,M,0,CHENNAI,MAA
MDRD,ES,MADRID,A,0,MADRID,MAD
MEBG,DE,MAGDEBURG,M,0,MAGDEBURG,MAG
MDAG,PG,MADANG,M,0,MADANG,MAG
MMEA,ES,MAHONMENORCA,M,0,MAHON MENORCA,MAH
MINZ,DE,MAINZ,M,0,MAINZ,MAI
MZUU,JP,MAIZURU,M,0,MAIZURU,MAI
MJUO,MH,MAJURO,M,0,MAJURO,MAJ
MTOA,IT,MANTOVA,M,0,MANTOVA,MAN
MCAO,VE,MARACAIBO,M,0,MARACAIBO,MAR
MSAA,SZ,MATSAPHA,M,0,MATSAPHA,MAT
MWEI,CN,MAWEI,M,0,MAWEI,MAW
MAHE,SC,MAHE,M,0,MAHE,MAW
MBAA,KE,MOMBASA,M,0,MOMBASA,MBA
MBAE,PH,MASBATE,M,0,MASBATE,MBT
MIBR,SI,MARIBOR,M,0,MARIBOR,MBX
MERA,IT,MACERATA,M,0,MACERATA,MCA
MELN,CO,MEDELLIN,A,0,MEDELLIN,MDE
MDOA,AR,MENDOZA,M,0,MENDOZA,MDZ
MOUE,AU,MELBOURNE,A,0,MELBOURNE,MEL
MHIN,US,MEMPHISTN,M,0,MEMPHIS TN,MEM
MRSN,TR,MERSIN,M,0,MERSIN,MER
MXIO,MX,MEXICO,A,0,MEXICO,MEX
MCOY,MX,MEXICOCITY,M,0,MEXICO CITY,MEX
MAGA,NI,MANAGUA,A,0,MANAGUA,MGA
MNHM,DE,MANNHEIM,M,0,MANNHEIM,MHG
MAMI,US,MIAMI,A,0,MIAMI,MIA
MMIL,US,MIAMIFL,M,0,MIAMI FL,MIA
MLAN,IT,MILAN,A,0,MILAN,MIL
MDEO,CV,MINDELO,M,0,MINDELO,MIN
MANO,PA,MANZANILLO,M,0,MANZANILLO,MIT
MYUN,CN,MIYUN,M,0,MIYUN,MIY
MRCA,ES,MURCIA,M,0,MURCIA,MJV
KCIO,US,"KANSASCITY,MO",M,0,"Kansas City , MO",MKC
MALE,MV,MALE,M,0,MALE,MLE
MILA,ES,MELILLA,M,0,MELILLA,MLN
MROA,LR,MONROVIA,M,0,MONROVIA,MLW
MMIG,CN,MAOMING,M,0,MAOMING,MMI
MHEM,DE,MÜLHEIM,M,0,MÜLHEIM,MMO
MHER,GB,MANCHESTER,M,0,MANCHESTER,MNC
NCAA,MZ,NACALA,M,0,NACALA,MNC
MNIA,PH,MANILA,M,0,MANILA,MNL
MDEA,IT,MODENA,M,0,MODENA,MOD
MERS,DE,MOERS,M,0,MOERS,MOS
MELR,FR,MONTPELLIER,A,0,MONTPELLIER,MPL
MPUO,MZ,MAPUTO,M,0,MAPUTO,MPM
MSEA,FR,MARSELLA,A,0,MARSELLA,MRS
MEIE,FR,MARSEILLE,M,0,MARSEILLE,MRS
MSIA,IT,MESSINA,M,0,MESSINA,MSN
MNSK,BY,MINSK,M,0,MINSK,MSQ
MSEU,LS,MASERU,M,0,MASERU,MSU
NLEA,US,NEWORLEANSLA,M,0,NEW ORLEANS LA,MSY
MTRL,CA,MONTREAL,M,0,MONTREAL,MTR
MTEA,IT,MATERA,M,0,MATERA,MTR
MZII,SZ,MANZINI,M,0,MANZINI,MTS
MERY,MX,MONTERREY,A,0,MONTERREY,MTY
MARA,BN,MUARA,M,0,MUARA,MUA
MNIH,DE,MUNICH,A,0,MUNICH,MUC
MUGA,EE,MUUGA,M,0,MUUGA,MUG
MNDA,IN,MUNDRA,M,0,MUNDRA,MUN
MTHO,VN,MYTHO,M,0,MY THO,MUT
MLTN,PK,MULTAN,M,0,MULTAN,MUX
MEVO,UY,MONTEVIDEO,M,0,MONTEVIDEO,MVD
MPEA,IT,MALPENSA,A,0,MALPENSA,MXP
MUYA,JP,MATSUYAMA,M,0,MATSUYAMA,MYJ
NNHI,CN,NANHAI,M,0,NANHAI,NAH
NOKA,JP,NAHA/OKINAWA,M,0,NAHA / OKINAWA,NAH
NBOE,FR,NARBONNE,M,0,NARBONNE,NAR
NROI,KE,NAIROBI,M,0,NAIROBI,NBO
NICE,FR,NICE,A,0,NICE,NCE
QIHR,CN,QIQIHAR,M,0,QIQIHAR,NDG
NNGO,CN,NINGBO,A,0,NINGBO,NGB
NGAG,CN,NANGANG,M,0,NANGANG,NGG
NASI,JP,NAGASAKI,M,0,NAGASAKI,NGS
"NA,A",JP,"NAGOYA,OITA",M,0,"NAGOYA, OITA",NGY
NTRG,VN,NHATRANG,M,0,NHA TRANG,NHA
NNGE,CN,NINGHE,M,0,NINGHE,NHE
NNHI1,CN,NANHUI,M,0,NANHUI,NHI
NOSA,CY,NICOSIA,M,0,NICOSIA,NIC
NAMY,NE,NIAMEY,M,0,NIAMEY,NIM
NGHI,CN,NINGHAI,M,0,NINGHAI,NIN
NJIG,CN,NANJING,M,0,NANJING,NKG
NOLA,ZM,NDOLA,M,0,NDOLA,NLA
NDIH,VN,NAMDINH,M,0,NAM DINH,NMD
NNIG,CN,NANNING,M,0,NANNING,NNG
NUMA,NC,NOUMEA,M,0,NOUMEA,NOU
NPIR,NZ,NAPIER,M,0,NAPIER,NPE
NYMH,NZ,NEWPLYMOUTH,M,0,NEW PLYMOUTH,NPL
NPIG,CN,NANPING,M,0,NANPING,NPS
NPTO,JP,NARITAAPT/TOKYO,A,0,NARITA APT/TOKYO,NRT
NNSA,CN,NANSHA,M,0,NANSHA,NSA
NASA,IN,NHAVASHEVA,M,0,NHAVA SHEVA,NSA
NLSN,NZ,NELSON,M,0,NELSON,NSN
NUSS,DE,NEUSS,M,0,NEUSS,NSS
NTOG,CN,NANTONG,M,0,NANTONG,NTG
NNBG,DE,NÜRNBERG,M,0,NÜRNBERG,NUE
NAIA,EG,NUWAIBA,M,0,NUWAIBA,NUW
NVAA,IT,NOVARA,M,0,NOVARA,NVR
NOJA,MX,NAVOJOA,M,0,NAVOJOA,NVS
NGAS,BR,NAVEGANTES,M,0,NAVEGANTES,NVT
NYOK,US,NEWYORK,A,0,NEW YORK,NYC
NYAG,CN,NANYANG,M,0,NANYANG,NYG
NSSU,US,NASSAU,M,0,NASSAU,NYU
OANA,US,"OAKLAND,CA",M,0,"OAKLAND, CA",OAK
OEGN,MX,OBREGON,M,0,OBREGON,OBR
CDOA1,ES,CORDOBA,M,0,CORDOBA,ODB
OENE,DK,ODENSE,M,0,ODENSE,ODE
OESA,UA,ODESSA,M,0,ODESSA,ODS
ONBH,DE,OFFENBACH,M,0,OFFENBACH,OFF
OHAN,DE,OBERHAUSEN,M,0,OBERHAUSEN,OHS
OITA,JP,OITA,M,0,OITA,OIT
ONBG,DE,OLDENBURG,M,0,OLDENBURG,OLO
OULU,FI,OULU,M,0,OULU,OLU
COMO1,IT,COMO,M,0,COMO,OMO
CLON1,PA,COLON,M,0,COLON,ONX
PRTO,PT,PORTO,A,0,PORTO,OPO
OORO,PT,OPORTO,M,0,OPORTO,OPO
CCAO,US,CHICAGO,A,0,CHICAGO,ORD
OENE1,ES,ORENSE,M,0,ORENSE,ORE
NOLA1,US,NORFOLKVA,M,0,NORFOLK VA,ORF
CORK,IE,CORK,M,0,CORK,ORK
ONDL,US,"ORLANDO,FL",M,0,"ORLANDO, FL",ORL
ORAN,DZ,ORAN,M,0,ORAN,ORN
OAKA,JP,OSAKA,M,0,OSAKA,OSA
OSLO,NO,OSLO,M,0,OSLO,OSL
OBRK,DE,OSNABRÜCK,M,0,OSNABRÜCK,OSN
B-OT,RO,BUCURESTI-OTOPENIAPT,A,0,BUCURESTI-OTOPENI APT,OTP
ODOU,BF,OUAGADOUGOU,M,0,OUAGADOUGOU,OUA
OIEO,ES,OVIEDO,M,0,OVIEDO,OVO
BSSU,GW,BISSAU,M,0,BISSAU,OXB
PENA,ES,PALENCIA,M,0,PALENCIA,PAC
PITA,PE,PAITA,M,1,PAITA,PAI
PBOG,DK,PADBORG,M,0,PADBORG,PAO
PRIS,FR,PARIS,M,0,PARIS,PAR
PVIA,IT,PAVIA,M,0,PAVIA,PAV
PEBA,MX,PUEBLA,M,0,PUEBLA,PBC
PCAO,VE,PUERTOCABELLO,M,0,PUERTO CABELLO,PBL
PMAO,SR,PARAMARIBO,M,0,PARAMARIBO,PBM
PBAS,GT,PUERTOBARRIOS,M,0,PUERTO BARRIOS,PBR
POCS,HN,PUERTOCORTES,M,0,PUERTO CORTES,PCR
PCEA,IT,PIACENZA,M,0,PIACENZA,PCZ
PDOA,IT,PADOVA,M,0,PADOVA,PDA
PDAG,ID,PADANG,M,0,PADANG,PDG
PNGU,CN,PINGDU,M,0,PING DU,PDU
PTLD,US,PORTLAND,M,0,PORTLAND,PDX
PCEM,BR,PECEM,M,0,PECEM,PEC
PERS,US,PORTEVERGLADES,M,0,PORT EVERGLADES,PEF
PUGA,IT,PERUGIA,M,0,PERUGIA,PEG
PNAG,MY,PENANG,M,0,PENANG,PEN
PRTH,AU,PERTH,M,0,PERTH,PER
PAWG,ID,PERAWANG,M,0,PERAWANG,PER
PSAO,IT,PESARO,M,0,PESARO,PES
PEVA,ES,PONTEVEDRA,M,0,PONTEVEDRA,PEV
PHAR,PK,PESHAWAR,M,0,PESHAWAR,PEW
PPHS,CY,PAPHOS,M,0,PAPHOS,PFO
PIGN,FR,PERPIGNAN,M,0,PERPIGNAN,PGF
PANR,MY,"PASIRGUDANG,JOHOR",M,0,"PASIR GUDANG, JOHOR",PGU
PDEA,US,PHILADELPHIA,M,0,PHILADELPHIA,PHL
PXIG,CN,PINGXIANG,M,0,PINGXIANG,PIN
PAES,GR,PIRAEUS,M,0,PIRAEUS,PIR
PNJN,CN,PANJIN,M,0,PANJIN,PJI
PKEG,MY,PORTKELANG,M,0,PORT KELANG,PKG
PGLI,CN,PENGLAI,M,0,PENG LAI,PLA
PLOS,MU,PORTLOUIS,M,0,PORT LOUIS,PLU
PIZH,ZA,PORTELIZABETH,M,0,PORT ELIZABETH,PLZ
PRMA,IT,PARMA,M,0,PARMA,PMF
PALA,ES,PALMAMALLORCA,A,0,PALMA MALLORCA,PMI
PMAA,ES,PALMADEMALLORCA,M,0,PALMA DE MALLORCA,PMI
PERO,IT,PALERMO,M,0,PALERMO,PMO
PTOH,NZ,PALMERSTONNORTH,M,0,PALMERSTON NORTH,PMR
PPLA,ES,PAMPLONA,M,0,PAMPLONA,PNA
PNAA,BR,PARANAGUA,M,0,PARANAGUA,PNG
PMPH,KH,PHNOMPENH,M,0,PHNOM PENH,PNH
PENE,CG,POINTENOIRE,M,0,POINTE NOIRE,PNR
PCHY,IN,PONDICHERRY,M,0,PONDICHERRY,PNY
PALE,BR,PORTOALEGRE,M,0,PORTO ALEGRE,POA
PHAS,NZ,PORTCHALMERS,M,0,PORT CHALMERS,POE
POR*,PG,PORTMORESBY*,M,0,PORT MORESBY*,POM
PORG,FI,PORI/BJORNEBORG,M,0,PORI/ BJORNEBORG,POR
POEA,TT,PUERTOESPAÑA,M,0,PUERTO ESPAÑA,POS
PSDM,DE,POTSDAM,M,0,POTSDAM,POT
PZNN,PL,POZNAN,M,0,POZNAN,POZ
POPO,AS,PAGOPAGO,M,0,PAGO PAGO,PPG
PEEE,PF,PAPEETE,M,0,PAPEETE,PPT
PENE1,IT,PORDENONE,M,0,PORDENONE,PRD
PAGE,CZ,PRAGUE,M,0,PRAGUE,PRG
PQUL,GT,PUERTOQUETZAL,M,0,PUERTO QUETZAL,PRQ
PISA,IT,PISA,M,0,PISA,PSA
PTSD,EG,PORTSAID,M,0,PORT SAID,PSD
PCAA,IT,PESCARA,M,0,PESCARA,PSR
PCAA1,CR,PUERTOCALDERA,M,0,PUERTO CALDERA,PTC
PHTA,IL,PETAHTIQWA,M,0,PETAH TIQWA,PTQ
PTLS,TT,POINTLISAS,M,0,POINT LISAS,PTS
PMAY,PA,PANAMACITY,A,0,PANAMA CITY,PTY
PARS,CL,PUNTAARENAS,M,0,PUNTA ARENAS,PUQ
BSAN,KR,BUSAN,M,0,BUSAN,PUS
PTIN,CN,PUTIAN,M,0,PUTIAN,PUT
PNYU,CN,PANYU,M,0,PANYU,PYU
PSUN,SD,PORTSUDAN,M,0,PORT SUDAN,PZU
CENA1,IT,COSENZA,M,0,COSENZA,QCS
CNZO,IT,CATANZARO,M,0,CATANZARO,QCZ
QGXN,CN,QINGXIAN,M,0,QINGXIAN,QIX
MBAE1,SZ,MBABANE,M,0,MBABANE,QMN
NORO,IT,NUORO,M,0,NUORO,QNU
QNGU,CN,QINGPU,M,0,QINGPU,QPU
QETO,MX,QUERETARO,M,0,QUERETARO,QRO
QUFU,CN,QUFU,M,0,QU FU,QUF
QZHU,CN,QUZHOU,M,0,QUZHOU,QUZ
RDES,DK,RANDERS,M,0,RANDERS,RAN
RENA,IT,RAVENNA,M,0,RAVENNA,RAN
RTOA,CK,RAROTONGA,M,0,RAROTONGA,RAR
RUMA,FI,RAUMA,M,0,RAUMA,RAU
RCIE,BR,RECIFE,A,0,RECIFE,REC
RNGN,DE,RECKLINGHAUSEN,M,0,RECKLINGHAUSEN,REC
RCHD,DE,REMSCHEID,M,0,REMSCHEID,RED
RNSG,DE,REGENSBURG,M,0,REGENSBURG,REG
RCAA,IT,REGGIOCALABRIA,M,0,REGGIO CALABRIA,REG
ROVT,IL,REHOVOT,M,0,REHOVOT,REH
RJAK,IS,REYKJAVIK,M,0,REYKJAVIK,REY
RJAO1,BR,RIODEJANEIRO,A,0,RIO DE JANEIRO,RIO
RIGA,LV,RIGA,M,0,RIGA,RIX
RLEN,IL,RISHONLETSIYON,M,0,RISHON LETSIYON,RLZ
RMII,IT,RIMINI,M,0,RIMINI,RMI
RCHG,CN,RONGCHENG,M,0,RONGCHENG,RNG
RNGI,CN,RONGQI,M,0,RONGQI,ROQ
KROR,PW,KOROR,M,0,KOROR,ROR
RORA,NZ,ROTORUA,M,0,ROTORUA,ROT
RSHN,CN,RUSHAN,M,0,RUSHAN,RSH
RTOK,DE,ROSTOCK,M,0,ROSTOCK,RSK
RERM,NL,ROTTERDAM,M,0,ROTTERDAM,RTM
RGAO,CN,RUGAO,M,0,RUGAO,RUG
RNII,FI,ROVANIEMI,M,0,ROVANIEMI,RVN
RVIO,IT,ROVIGO,M,0,ROVIGO,RVO
RLPI,PK,RAWALPINDI,M,0,RAWALPINDI,RWP
RZHO,CN,RIZHAO,M,0,RI ZHAO,RZH
SGCG,CN,SHUANGCHENG,M,0,SHUANGCHENG,SAC
STCY,EG,SADATCITY,M,0,SADAT CITY,SAD
SEFD,NO,SANDEFJORD,M,0,SANDEFJORD,SAD
SNTO,CL,SANANTONIO,M,0,SAN ANTONIO ,SAI
SERO,IT,SALERNO,M,0,SALERNO,SAL
SLVR,SV,SANSALVADOR,A,0,SAN SALVADOR,SAL
SAMA,CV,SANTAMARIA,M,0,SANTA MARIA,SAM
SIEA,US,SANDIEGOCA,M,0,SAN DIEGO CA,SAN
SNTO1,VU,SANTO,M,0,SANTO,SAN
SDRA,HN,SANPEDROSULA,M,0,SAN PEDRO SULA,SAP
SGIR,DE,SALZGITTER,M,0,SALZGITTER,SAR
SDNS,NO,SANDNES,M,0,SANDNES,SAS
SNTO2,US,SANANTONIO,M,0,SAN ANTONIO,SAT
SNAA,US,"SAVANNAH,GA",M,0,"Savannah, GA",SAV
SNBU,CN,SANBU,M,0,SANBU,SBU
STIO,CL,SANTIAGO,A,0,SANTIAGO,SCL
SODE,CL,SANTIAGODECHILE,M,0,SANTIAGO DE CHILE,SCL
SIDG,CN,SHUIDONG,M,0,SHUIDONG,SDG
SDOO,DO,SANTODOMINGO,A,0,SANTO DOMINGO,SDQ
SANR,ES,SANTANDER,M,0,SANTANDER,SDR
SOVA,ES,SEGOVIA,M,0,SEGOVIA,SEG
SOUL,KR,SEOUL,M,0,SEOUL,SEL
SFAX,TN,SFAX,M,0,SFAX,SFA
SANO,US,SANFRANCISCO,A,0,SAN FRANCISCO,SFO
SISL,BR,SAOFRANCISCODOSUL,M,0,SAO FRANCISCO DO SUL,SFS
HINY,VN,HOCHIMINHCITY,M,0,HO CHI MINH CITY,SGN
SNGU,CN,SHANGYU,M,0,SHANGYU,SGU
SNGI,CN,SHANGHAI,A,0,SHANGHAI,SHA
SIDO,CN,SHIDAO,M,0,SHIDAO,SHD
SNYG,CN,SHENYANG,M,0,SHENYANG,SHE
SAIN,CN,SHANHAIGUAN,M,0,SHANHAIGUAN,SHH
SRJH,AE,SHARJAH,M,0,SHARJAH,SHJ
SEKU,CN,SHEKOU,M,0,SHEKOU,SHK
SNOI,JP,SHIMONOSEKI,M,0,SHIMONOSEKI,SHS
SNES,PT,SINES,M,0,SINES,SIE
SHUI,CN,SIHUI,M,0,SIHUI,SIH
SAPE,SG,SINGAPORE,A,0,SINGAPORE,SIN
SACA,IT,SIRACUSA,M,0,SIRACUSA,SIR
SEDO,MX,SANJOSEDECABO,A,0,SAN JOSE DE CABO,SJD
SJOE,CR,SANJOSE,A,0,SAN JOSE,SJO
SJUN,PR,SANJUAN,M,0,SAN JUAN,SJU
TALI,GR,THESSALONIKI,M,0,THESSALONIKI,SKG
SIKU,CN,SHUIKOU,M,0,SHUIKOU,SKO
SKAA,JP,SAKATA,M,0,SAKATA,SKT
SLKT,PK,SIALKOT,M,0,SIALKOT,SKT
SAKY,US,SALTLAKECITY,A,0,SALT LAKE CITY,SLC
SMAA,ES,SALAMANCA,M,0,SALAMANCA,SLM
SSPI,MX,SANLUISPOTOSI,M,0,SAN LUIS POTOSI,SLP
SMIO,JP,SAKAIMINATO,M,0,SAKAIMINATO,SMN
SMIU,JP,SHIMIZU,M,0,SHIMIZU,SMZ
SDRO,IT,SONDRIO,M,0,SONDRIO,SND
SNSU,CN,SANSHU,M,0,SANSHU,SNU
6CTR,EG,6THOCTOBER,M,0,6TH OCTOBER,SOC
SFIA,BG,SOFIA,M,0,SOFIA,SOF
SINN,DE,SOLINGEN,M,0,SOLINGEN,SOL
SRIA,ES,SORIA,M,0,SORIA,SOR
SAMN,GB,SOUTHAMPTON,M,0,SOUTHAMPTON,SOU
LPEA,IT,LASPEZIA,M,0,LA SPEZIA,SPE
SPIG,CN,SIPING,M,0,SIPING,SPG
SIPN,MP,SAIPAN,M,0,SAIPAN,SPN
SPEO,US,SANPEDRO,M,0,SAN PEDRO,SPQ
SACZ,BO,SANTACRUZ,M,0,SANTA CRUZ,SRZ
SVAR,BR,SALVADOR,M,0,SALVADOR,SSA
NILR,GE,NOUTILIZAR,M,0,NO UTILIZAR,SSG
MLAO,GQ,MALABO,M,0,MALABO,SSG
SNTS,BR,SANTOS,M,0,SANTOS,SSZ
SKHM,SE,STOCKHOLM,M,0,STOCKHOLM,STO
STGT,DE,STUTTGART,M,0,STUTTGART,STR
SOTS,GT,SANTOTOMAS,M,0,SANTO TOMAS,STZ
SABA,ID,SURABAYA,M,0,SURABAYA,SUB
SUNE,CN,SHUNDE,M,0,SHUNDE,SUD
SUNI,CN,SHUNYI,M,0,SHUNYI,SUN
SUSE,TN,SOUSSE,M,0,SOUSSE,SUS
SUVA,FJ,SUVA,M,0,SUVA,SUV
SZBH,DE,SULZBACH,M,0,SULZBACH,SUZ
SICE,CL,SANVICENTE,M,0,SAN VICENTE,SVE
SANR1,NO,STAVANGER,M,0,STAVANGER,SVG
SVOW,RU,SHEREMETYEVOAPT/MOSCOW,A,0,SHEREMETYEVO APT/MOSCOW,SVO
SILA,ES,SEVILLA,M,0,SEVILLA,SVQ
SNTU,CN,SHANTOU,M,0,SHANTOU,SWA
SWEN,DE,SCHWERIN,M,0,SCHWERIN,SWR
SSBG,FR,STRASBOURG,M,0,STRASBOURG,SXB
SDNY,AU,SYDNEY,M,0,SYDNEY,SYD
SIYN,CN,SHIYAN,M,0,SHIYAN,SYN
SZBG,AT,SALZBURG,M,0,SALZBURG,SZG
SZHU,CN,SUZHOU,M,0,SUZHOU,SZH
SNZN,CN,SHENZHEN,A,0,SHENZHEN,SZX
SZEN,PL,SZCZECIN,M,0,SZCZECIN,SZZ
TASN,US,"TACOMA,WASHINGTON",M,0,"TACOMA, WASHINGTON",TAC
TCAG,CN,TAICANG,M,0,TAICANG,TAG
TMAU,JP,TAKAMATSU,M,0,TAKAMATSU,TAK
TAHO,CL,TALCAHUANO,M,0,TALCAHUANO,TAL
QGDO,CN,QINGDAO,M,0,QINGDAO,TAO
TPIG,CN,TAIPING,M,0,TAIPING,TAP
TAGA,ES,TARRAGONA,M,0,TARRAGONA,TAR
TANO,IT,TARANTO,M,0,TARANTO,TAR
TRTU,EE,TARTU,M,0,TARTU,TAY
NALA,TO,NUKUALOFA,M,0,NUKUALOFA,TBU
TEMA,GH,TEMA,M,0,TEMA,TEM
TRAO,IT,TERAMO,M,0,TERAMO,TEO
TRUL,ES,TERUEL,M,0,TERUEL,TER
TRNI,IT,TERNI,M,0,TERNI,TER
SARG,ID,SEMARANG,M,0,SEMARANG,TES
TGHA,CN,TONGHUA,M,0,TONGHUA,TGH
TIGA,HN,TEGUCIGALPA,A,0,TEGUCIGALPA,TGU
TNHA,VN,THANHHOA,M,0,THANH HOA,THO
TEST,GB,THAMESPORT,M,0,THAMESPORT,THP
THAI,JP,TOYOHASHI,M,0,TOYOHASHI,THS
TRAA,AL,TIRANA,M,0,TIRANA,TIA
TNTI,CN,TIANTAI,M,0,TIANTAI,TIA
TLIG,CN,TIELING,M,0,TIELING,TIL
TBUY,GB,TILBURY,M,0,TILBURY,TIL
TPOI,LY,TRIPOLI,M,0,TRIPOLI,TIP
TMAU1,NZ,TIMARU,M,0,TIMARU,TIU
TZHU,CN,TAIZHOU,M,0,TAIZHOU,TIZ
TSHA,JP,TOKUSHIMA,M,0,TOKUSHIMA,TKS
TBUG,NL,TILBURG,M,0,TILBURG,TLB
TLIN,EE,TALLINN,M,0,TALLINN,TLL
TMCN,DZ,TLEMCEN,M,0,TLEMCEN,TLM
TLOE,FR,TOULOUSE,A,0,TOULOUSE,TLS
TAVV,IL,TELAVIV,M,0,TEL AVIV,TLV
TYUN,CN,TAIYUAN,M,0,TAIYUAN,TMH
TKOI,JP,TOMAKOMAI,M,0,TOMAKOMAI,TMK
TULS,MX,TAMAULIPAS,M,0,TAMAULIPAS,TMP
JNAN,CN,JINAN,M,0,JINAN,TNA
TLEO,ES,TOLEDO,M,0,TOLEDO,TOL
TNGU,CN,TONGLU,M,0,TONGLU,TON
TONO,CA,TORONTO,M,0,TORONTO,TOR
TASO,JP,TOYAMASHINKO,M,0,TOYAMASHINKO,TOS
TYAA,JP,TOYAMA,M,0,TOYAMA,TOY
TIPI,TW,TAIPEI,A,0,TAIPEI,TPE
1AMN,EG,10THRAMADAN,M,0,10TH RAMADAN,TRC
TDHM,NO,TRONDHEIM,M,0,TRONDHEIM,TRD
TRUA,JP,TSURUGA,M,0,TSURUGA,TRG
TRAA1,NZ,TAURANGA,M,0,TAURANGA,TRG
TRIO,IT,TORINO,M,0,TORINO,TRN
TESE,IT,TRIESTE,M,0,TRIESTE,TRS
TENO,IT,TRENTO,M,0,TRENTO,TRT
TVIO,IT,TREVISO,M,0,TREVISO,TRV
TRAA2,KI,TARAWA,M,0,TARAWA,TRW
TNJN,CN,TIANJIN,A,0,TIANJIN,TSN
TNIS,TN,TUNIS,M,0,TUNIS,TUN
TEW),IN,TUTICORIN(NEWTUTICORIN),M,0,TUTICORIN (NEW TUTICORIN),TUT
TCHG,TW,TAICHUNG,M,0,TAICHUNG,TXG
BN-L,DE,BERLIN-TEGEL,A,0,BERLIN - TEGEL,TXL
TXIG,CN,TONGXIANG,M,0,TONGXIANG,TXZ
TYUN1,CN,TAOYUAN,M,0,TAOYUAN,TYN
TKYO,JP,TOKYO,M,0,TOKYO,TYO
UINE,IT,UDINE,M,0,UDINE,UDN
QNHN,VN,QUINHON,M,0,QUI NHON,UIH
QITO,EC,QUITO,A,0,QUITO,UIO
KOBE,JP,KOBE,M,0,KOBE,UKB
ULMX,DE,ULM,M,0,ULM,ULM
TALY,AI,THEVALLEY,M,0,THE VALLEY,VAL
VOUR,CA,VANCOUVER,M,0,VANCOUVER,VAN
VARO,CL,VALPARAISO,M,0,VALPARAISO,VAP
VRNA,BG,VARNA,M,0,VARNA,VAR
VREE,IT,VARESE,M,0,VARESE,VAR
CNTO,VN,CANTHO,M,0,CAN THO,VCA
VCOS,BR,VIRACOPOS,A,0,VIRACOPOS,VCP
VLIE,IT,VADOLIGURE,M,0,VADO LIGURE,VDL
VACZ,MX,VERACRUZ,M,0,VERACRUZ,VER
VIGO,ES,VIGO,M,0,VIGO,VGO
VENA,IT,VICENZA,M,0,VICENZA,VIC
VENA1,AU,VIENA,M,0,VIENA,VIE
VERO,IT,VITERBO,M,0,VITERBO,VIT
VENA2,ES,VALENCIA,A,0,VALENCIA,VLC
PTVA,VU,PORTVILA,M,0,PORT VILA,VLI
VADD,ES,VALLADOLID,M,0,VALLADOLID,VLL
VNIS,LT,VILNIUS,M,0,VILNIUS,VNO
VKAS,FI,VARKAUS,M,0,VARKAUS,VRK
VCEI,IT,VERCELLI,M,0,VERCELLI,VRL
VROA,IT,VERONA,M,0,VERONA,VRN
VGTU,VN,VUNGTAU,M,0,VUNG TAU,VUT
VVOK,RU,VLADIVOSTOK,M,0,VLADIVOSTOK,VVO
WNGN,CN,WAFANGDIAN,M,0,WAFANGDIAN,WAF
WAYA,JP,WAKAYAMA,M,0,WAKAYAMA,WAK
WNZI,CN,WANZAI,M,0,WANZAI,WAZ
WDEG,CN,WENDENG,M,0,WENDENG,WDS
WUHU,CN,WUHU,M,0,WUHU,WHI
WBAN,DE,WIESBADEN,M,0,WIESBADEN,WIB
WEMD,CB,WILLEMSTAD,M,0,WILLEMSTAD,WIL
WINN,NZ,WELLINGTON,M,0,WELLINGTON,WLG
WNIG,CA,WINNIPEG,M,0,Winnipeg,WNP
WZHU,CN,WENZHOU,M,0,WENZHOU,WNZ
WSBG,DE,WOLFSBURG,M,0,WOLFSBURG,WOB
WGAI,NZ,WHANGAREI,M,0,WHANGAREI,WRE
WHAN,CN,WUHAN,M,0,WUHAN,WUH
WSOG,CN,WUSONG,M,0,WUSONG,WUS
WZHU1,CN,WUZHOU,M,0,WUZHOU,WUZ
WWAK,PG,WEWAK,M,0,WEWAK,WWK
XNGN,CN,XIANGFAN,M,0,XIANGFAN,XFN
XANN,CN,"XINGANG,CN",M,0,"XINGANG, CN",XIG
JIXI,CN,JIXI,M,0,JIXI,XII
XNHI,CN,XINHUI,M,0,XINHUI,XIN
XOSN,CN,XIAOSHAN,M,0,XIAOSHAN,XIS
XTAG,CN,XINTANG,M,0,XINTANG,XIT
XAMN,CN,XIAMEN,M,0,XIAMEN,XMN
XGSN,CN,XIANGSHAN,M,0,XIANGSHAN,XSN
XZHU,CN,XUZHOU,M,0,XUZHOU,XUZ
XGZU,CN,XIANGZHOU,M,0,XIANGZHOU,XZU
YUSO,JP,YATSUSHIRO,M,0,YATSUSHIRO,YAT
LBEH,US,LONGBEACH,M,0,LONG BEACH,YBH
YCHG,CN,YANCHENG,M,0,YANCHENG,YCG
YGKU,CN,YINGKOU,M,0,YINGKOU,YIK
YIWU,CN,YIWU,M,0,YIWU,YIW
YXIG,CN,YIXING,M,0,YIXING,YIX
YAII,JP,YOKKAICHI,M,0,YOKKAICHI,YKK
YNTI,CN,YANTAI,M,0,YANTAI,YNT
YOHA,JP,YOKOHAMA,M,0,YOKOHAMA,YOK
YYAO,CN,YUYAO,M,0,YUYAO,YOU
YTIN,CN,YANTIAN,M,0,YANTIAN,YTN
YCHG1,CN,YUNCHENG,M,0,YUNCHENG,YUN
YGZU,CN,YANGZHOU,M,0,YANGZHOU,YZH
ZGRB,HR,ZAGREB,M,0,ZAGREB,ZAG
ZANE,CN,ZHUANGHE,M,0,ZHUANGHE,ZAH
ZOAA,PH,ZAMBOANGA,M,0,ZAMBOANGA,ZAM
ZAGA,ES,ZARAGOZA,M,0,ZARAGOZA,ZAZ
LEDS,GB,LEEDS,M,0,LEEDS,ZBW
MCAA,IT,MASSACARRARA,M,0,MASSA CARRARA,ZBX
ZJIG,CN,ZHENJIANG,M,0,ZHENJIANG,ZHE
ZIBO,CN,ZIBO,M,0,ZIBO,ZIB
ZJIU,CN,ZHANGJIAKOU,M,0,ZHANGJIAKOU,ZJA
ZJIG1,CN,ZHANGJIAGANG,M,0,ZHANGJIAGANG,ZJG
MANO1,MX,MANZANILLO,M,0,MANZANILLO,ZLO
ZMOA,ES,ZAMORA,M,0,ZAMORA,ZMR
ZUSN,CN,ZHOUSHAN,M,0,ZHOUSHAN,ZOS
ZOQG,CN,ZHAOQING,M,0,ZHAOQING,ZQG
ZRIH,CH,ZURICH,A,0,ZURICH,ZRH
ZGSN,CN,ZHONGSHAN,M,0,ZHONGSHAN,ZSN
ZUHI,CN,ZHUHAI,M,0,ZHUHAI,ZUH
ZCKU,DE,ZWICKAU,M,0,ZWICKAU,ZWI
XGAG,CN,XINGANG,M,0,XINGANG,ZZA
ZGZU,CN,ZHANGZHOU,M,0,ZHANGZHOU,ZZU
